full_date,date,weekday,time,mood,activities,note_title,note
2024-08-28,August 28,Wednesday,1:31 PM,good,"","",""
2024-08-27,August 27,Tuesday,9:10 PM,meh,"","",""
2024-08-27,August 27,Tuesday,10:40 AM,good,"","",""
2024-08-26,August 26,Monday,9:29 PM,good,"","",""
2024-08-26,August 26,Monday,9:03 AM,good,"","",""
2024-08-25,August 25,Sunday,9:27 PM,good,"","",""
2024-08-24,August 24,Saturday,9:49 PM,good,"","",""
2024-08-24,August 24,Saturday,11:20 AM,good,"","",""
2024-08-23,August 23,Friday,9:27 PM,good,"","",""
2024-08-23,August 23,Friday,9:06 AM,good,"","",""
2024-08-22,August 22,Thursday,9:13 PM,meh,"","",""
2024-08-22,August 22,Thursday,12:03 PM,good,"","",""
2024-08-21,August 21,Wednesday,9:22 PM,good,"","",""
2024-08-21,August 21,Wednesday,1:48 PM,good,"","",""
2024-08-20,August 20,Tuesday,9:14 PM,good,"","",""
2024-08-20,August 20,Tuesday,11:32 AM,good,"","",""
2024-08-19,August 19,Monday,9:17 PM,good,"","",""
2024-08-19,August 19,Monday,12:18 PM,good,"","",""
2024-08-18,August 18,Sunday,12:08 PM,good,"","",""
2024-08-17,August 17,Saturday,9:22 PM,good,"","",""
2024-08-17,August 17,Saturday,10:30 AM,good,"","",""
2024-08-16,August 16,Friday,9:15 PM,good,"","",""
2024-08-16,August 16,Friday,12:02 PM,good,"","",""
2024-08-15,August 15,Thursday,9:07 PM,good,"","",""
2024-08-15,August 15,Thursday,12:25 PM,good,"","",""
2024-08-14,August 14,Wednesday,9:18 PM,meh,"","",""
2024-08-14,August 14,Wednesday,1:46 PM,meh,"","",""
2024-08-13,August 13,Tuesday,9:30 PM,good,"","",""
2024-08-13,August 13,Tuesday,11:11 AM,good,"","",""
2024-08-12,August 12,Monday,9:11 PM,good,"","",""
2024-08-12,August 12,Monday,12:44 PM,good,"","",""
2024-08-11,August 11,Sunday,9:04 PM,good,"","",""
2024-08-11,August 11,Sunday,1:00 PM,good,"","",""
2024-08-10,August 10,Saturday,10:23 PM,good,"","",""
2024-08-10,August 10,Saturday,11:53 AM,good,"","",""
2024-08-09,August 9,Friday,11:01 PM,good,"","",""
2024-08-09,August 9,Friday,11:29 AM,good,"","",""
2024-08-08,August 8,Thursday,9:02 PM,meh,"","",""
2024-08-08,August 8,Thursday,3:50 PM,meh,"","",""
2024-08-07,August 7,Wednesday,9:32 PM,good,"","",""
2024-08-07,August 7,Wednesday,11:23 AM,good,"","",""
2024-08-06,August 6,Tuesday,9:08 PM,good,"","",""
2024-08-06,August 6,Tuesday,10:09 AM,good,"","",""
2024-08-05,August 5,Monday,9:03 PM,good,"","",""
2024-08-05,August 5,Monday,12:54 PM,good,"","",""
2024-08-04,August 4,Sunday,9:13 PM,good,"","",""
2024-08-04,August 4,Sunday,9:37 AM,good,"","",""
2024-08-03,August 3,Saturday,10:56 AM,good,"medium sleep","",""
2024-08-02,August 2,Friday,11:18 PM,good,"","",""
2024-08-02,August 2,Friday,11:50 AM,meh,"","",""
2024-08-01,August 1,Thursday,9:26 PM,good,"","",""
2024-07-31,July 31,Wednesday,11:11 PM,good,"","",""
2024-07-31,July 31,Wednesday,1:17 PM,good,"","",""
2024-07-30,July 30,Tuesday,9:26 PM,good,"","",""
2024-07-30,July 30,Tuesday,9:35 AM,good,"","",""
2024-07-29,July 29,Monday,9:13 PM,good,"","",""
2024-07-29,July 29,Monday,11:49 AM,good,"","",""
2024-07-28,July 28,Sunday,9:01 PM,meh,"","",""
2024-07-27,July 27,Saturday,9:01 PM,good,"","",""
2024-07-27,July 27,Saturday,9:02 AM,good,"","",""
2024-07-26,July 26,Friday,9:25 PM,good,"","",""
2024-06-28,June 28,Friday,4:33 PM,rad,"","",""
2024-06-25,June 25,Tuesday,9:42 AM,good,"","",""
2024-06-24,June 24,Monday,1:21 PM,good,"","",""
2024-06-23,June 23,Sunday,10:23 PM,good,"","",""
2024-06-22,June 22,Saturday,9:31 PM,rad,"","","ODESZA CONCERT "
2024-06-21,June 21,Friday,10:00 PM,good,"","",""
2024-06-21,June 21,Friday,11:14 AM,good,"","",""
2024-06-20,June 20,Thursday,9:03 PM,good,"","",""
2024-06-20,June 20,Thursday,12:03 PM,good,"bad sleep","",""
2024-06-19,June 19,Wednesday,10:00 PM,meh,"","",""
2024-06-18,June 18,Tuesday,9:01 PM,good,"","",""
2024-06-17,June 17,Monday,9:02 PM,good,"","",""
2024-06-16,June 16,Sunday,9:32 PM,good,"","",""
2024-06-15,June 15,Saturday,10:04 PM,good,"","",""
2024-06-15,June 15,Saturday,3:01 PM,good,"","",""
2024-06-14,June 14,Friday,9:53 PM,good,"","",""
2024-06-12,June 12,Wednesday,9:33 AM,good,"","",""
2024-06-10,June 10,Monday,9:18 PM,good,"","",""
2024-06-10,June 10,Monday,1:27 PM,good,"","",""
2024-06-01,June 1,Saturday,9:00 PM,good,"","",""
2024-05-27,May 27,Monday,9:00 PM,good,"","",""
2024-05-26,May 26,Sunday,9:47 PM,good,"","",""
2024-05-26,May 26,Sunday,4:08 PM,good,"","",""
2024-05-25,May 25,Saturday,4:25 PM,good,"","",""
2024-05-24,May 24,Friday,11:11 AM,good,"","",""
2024-05-23,May 23,Thursday,9:00 PM,good,"","",""
2024-05-19,May 19,Sunday,9:06 PM,good,"","",""
2024-05-18,May 18,Saturday,5:49 PM,good,"","",""
2024-05-17,May 17,Friday,10:27 PM,meh,"","",""
2024-05-15,May 15,Wednesday,9:01 PM,good,"","",""
2024-05-13,May 13,Monday,9:00 AM,good,"","",""
2024-05-12,May 12,Sunday,10:09 PM,good,"","",""
2024-05-12,May 12,Sunday,1:07 PM,good,"","",""
2024-05-11,May 11,Saturday,11:10 PM,good,"","",""
2024-05-08,May 8,Wednesday,10:48 AM,good,"","",""
2024-05-07,May 7,Tuesday,9:26 PM,meh,"","",""
2024-05-05,May 5,Sunday,9:00 PM,good,"","",""
2024-05-05,May 5,Sunday,9:01 AM,good,"","",""
2024-05-04,May 4,Saturday,9:32 PM,good,"","",""
2024-05-03,May 3,Friday,5:21 PM,good,"","",""
2024-05-02,May 2,Thursday,9:04 PM,good,"","",""
2024-05-02,May 2,Thursday,1:25 PM,good,"","",""
2024-05-01,May 1,Wednesday,4:27 PM,good,"","",""
2024-04-30,April 30,Tuesday,9:03 PM,good,"","",""
2024-04-30,April 30,Tuesday,9:00 AM,good,"","",""
2024-04-29,April 29,Monday,9:00 PM,meh,"","",""
2024-04-29,April 29,Monday,3:31 PM,good,"","",""
2024-04-28,April 28,Sunday,9:13 PM,good,"","",""
2024-04-28,April 28,Sunday,12:06 PM,good,"","",""
2024-04-26,April 26,Friday,9:00 AM,meh,"","",""
2024-04-25,April 25,Thursday,9:01 PM,rad,"","",""
2024-04-25,April 25,Thursday,11:52 AM,good,"","",""
2024-04-22,April 22,Monday,9:35 PM,good,"","",""
2024-04-21,April 21,Sunday,1:32 PM,good,"","",""
2024-04-19,April 19,Friday,9:40 PM,good,"","",""
2024-04-19,April 19,Friday,9:21 AM,good,"","",""
2024-04-17,April 17,Wednesday,9:02 PM,good,"","",""
2024-04-17,April 17,Wednesday,4:22 PM,good,"","",""
2024-04-16,April 16,Tuesday,9:32 PM,good,"","",""
2024-04-13,April 13,Saturday,9:00 PM,good,"","",""
2024-04-13,April 13,Saturday,6:00 PM,good,"","",""
2024-04-12,April 12,Friday,12:55 PM,good,"","",""
2024-04-11,April 11,Thursday,9:14 PM,meh,"","",""
2024-04-11,April 11,Thursday,11:39 AM,good,"","",""
2024-04-10,April 10,Wednesday,10:07 AM,good,"","",""
2024-04-09,April 9,Tuesday,9:24 PM,good,"","",""
2024-04-09,April 9,Tuesday,5:38 PM,good,"","",""
2024-04-08,April 8,Monday,10:00 PM,good,"","",""
2024-04-08,April 8,Monday,1:09 PM,good,"","",""
2024-04-07,April 7,Sunday,1:13 PM,good,"","",""
2024-04-06,April 6,Saturday,2:06 PM,good,"","",""
2024-04-04,April 4,Thursday,2:57 PM,good,"","",""
2024-04-03,April 3,Wednesday,9:22 PM,good,"","",""
2024-04-02,April 2,Tuesday,4:32 PM,meh,"","",""
2024-04-01,April 1,Monday,9:27 PM,meh,"","",""
2024-04-01,April 1,Monday,9:53 AM,meh,"","",""
2024-03-31,March 31,Sunday,10:59 AM,good,"","",""
2024-03-30,March 30,Saturday,12:06 PM,good,"","",""
2024-03-29,March 29,Friday,10:09 PM,meh,"","",""
2024-03-29,March 29,Friday,2:07 PM,meh,"","",""
2024-03-28,March 28,Thursday,11:29 AM,good,"","",""
2024-03-27,March 27,Wednesday,10:31 AM,meh,"","",""
2024-03-25,March 25,Monday,11:35 PM,good,"","",""
2024-03-24,March 24,Sunday,9:36 PM,rad,"","",""
2024-03-24,March 24,Sunday,12:42 PM,good,"","",""
2024-03-23,March 23,Saturday,3:51 PM,good,"","",""
2024-03-22,March 22,Friday,9:00 PM,good,"","",""
2024-03-22,March 22,Friday,2:16 PM,good,"","",""
2024-03-21,March 21,Thursday,11:37 PM,bad,"","",""
2024-03-20,March 20,Wednesday,9:09 PM,good,"","",""
2024-03-19,March 19,Tuesday,9:24 PM,good,"","",""
2024-03-18,March 18,Monday,12:24 PM,good,"","",""
2024-03-17,March 17,Sunday,9:41 PM,good,"","",""
2024-03-16,March 16,Saturday,11:00 PM,good,"","",""
2024-03-16,March 16,Saturday,1:44 PM,good,"","",""
2024-03-15,March 15,Friday,9:32 PM,meh,"","",""
2024-03-13,March 13,Wednesday,3:20 PM,meh,"","",""
2024-03-12,March 12,Tuesday,9:02 PM,good,"","",""
2024-03-11,March 11,Monday,9:08 PM,meh,"","",""
2024-03-11,March 11,Monday,1:45 PM,good,"","",""
2024-03-10,March 10,Sunday,9:00 PM,good,"","",""
2024-03-09,March 9,Saturday,9:05 PM,meh,"","",""
2024-03-08,March 8,Friday,9:01 AM,good,"","",""
2024-03-07,March 7,Thursday,10:17 PM,meh,"","",""
2024-03-07,March 7,Thursday,11:56 AM,good,"","",""
2024-03-06,March 6,Wednesday,9:06 PM,good,"","",""
2024-03-06,March 6,Wednesday,6:26 PM,meh,"bad sleep","",""
2024-03-05,March 5,Tuesday,9:00 PM,good,"good sleep","",""
2024-03-05,March 5,Tuesday,10:59 AM,good,"","",""
2024-03-04,March 4,Monday,12:17 PM,good,"bad sleep","",""
2024-03-03,March 3,Sunday,9:00 PM,good,"","",""
2024-03-02,March 2,Saturday,9:15 AM,good,"","",""
2024-03-01,March 1,Friday,9:00 PM,good,"","",""
2024-03-01,March 1,Friday,9:02 AM,good,"","",""
2024-02-29,February 29,Thursday,2:10 PM,good,"","",""
2024-02-28,February 28,Wednesday,12:25 PM,good,"","",""
2024-02-27,February 27,Tuesday,9:00 AM,good,"","",""
2024-02-26,February 26,Monday,9:05 PM,good,"","",""
2024-02-26,February 26,Monday,5:14 PM,good,"","",""
2024-02-25,February 25,Sunday,9:00 PM,good,"","",""
2024-02-24,February 24,Saturday,5:56 PM,good,"","",""
2024-02-23,February 23,Friday,9:00 PM,good,"","",""
2024-02-23,February 23,Friday,6:24 PM,good,"","",""
2024-02-22,February 22,Thursday,9:00 PM,rad,"","",""
2024-02-22,February 22,Thursday,1:22 PM,good,"","",""
2024-02-21,February 21,Wednesday,9:00 PM,good,"","",""
2024-02-21,February 21,Wednesday,9:00 AM,good,"","",""
2024-02-20,February 20,Tuesday,11:17 AM,good,"","",""
2024-02-19,February 19,Monday,9:00 PM,meh,"","",""
2024-02-19,February 19,Monday,1:59 PM,meh,"","",""
2024-02-18,February 18,Sunday,9:00 PM,meh,"","",""
2024-02-18,February 18,Sunday,9:01 AM,good,"","",""
2024-02-17,February 17,Saturday,9:37 AM,good,"","",""
2024-02-16,February 16,Friday,11:17 AM,good,"","",""
2024-02-15,February 15,Thursday,9:05 PM,good,"","",""
2024-02-15,February 15,Thursday,9:22 AM,meh,"","",""
2024-02-14,February 14,Wednesday,9:12 PM,meh,"","",""
2024-02-13,February 13,Tuesday,9:42 PM,meh,"","",""
2024-02-13,February 13,Tuesday,10:08 AM,good,"","",""
2024-02-12,February 12,Monday,10:54 PM,good,"","",""
2024-02-11,February 11,Sunday,9:06 PM,good,"","",""
2024-02-10,February 10,Saturday,9:24 PM,good,"","",""
2024-02-10,February 10,Saturday,3:41 PM,good,"","",""
2024-02-09,February 9,Friday,9:00 AM,good,"","",""
2024-02-08,February 8,Thursday,10:03 AM,good,"","",""
2024-02-07,February 7,Wednesday,9:13 PM,meh,"","",""
2024-02-07,February 7,Wednesday,11:52 AM,good,"","",""
2024-02-06,February 6,Tuesday,10:40 PM,good,"","",""
2024-02-06,February 6,Tuesday,9:00 AM,good,"","",""
2024-02-05,February 5,Monday,9:07 PM,good,"","",""
2024-02-05,February 5,Monday,1:04 PM,good,"","",""
2024-02-04,February 4,Sunday,9:03 PM,rad,"","",""
2024-02-04,February 4,Sunday,5:54 PM,good,"","",""
2024-01-26,January 26,Friday,9:02 PM,meh,"","",""
2024-01-26,January 26,Friday,9:00 AM,awful,"","",""
2024-01-24,January 24,Wednesday,10:17 AM,good,"","",""
2024-01-22,January 22,Monday,10:13 PM,good,"","",""
2024-01-22,January 22,Monday,9:00 AM,good,"","",""
2024-01-21,January 21,Sunday,9:48 PM,meh,"","",""
2024-01-20,January 20,Saturday,9:00 PM,good,"","",""
2024-01-20,January 20,Saturday,9:08 AM,good,"","",""
2024-01-19,January 19,Friday,10:22 PM,good,"","",""
2024-01-19,January 19,Friday,9:54 AM,good,"","",""
2024-01-18,January 18,Thursday,9:00 PM,meh,"","",""
2024-01-18,January 18,Thursday,10:07 AM,good,"","",""
2024-01-17,January 17,Wednesday,9:04 PM,meh,"","",""
2024-01-17,January 17,Wednesday,9:13 AM,good,"","",""
2024-01-16,January 16,Tuesday,11:26 AM,good,"","",""
2024-01-15,January 15,Monday,9:00 PM,meh,"","",""
2024-01-14,January 14,Sunday,11:31 AM,good,"","",""
2024-01-13,January 13,Saturday,11:27 PM,good,"","",""
2024-01-13,January 13,Saturday,11:17 AM,good,"","",""
2024-01-12,January 12,Friday,10:15 PM,good,"","",""
2024-01-11,January 11,Thursday,9:00 PM,good,"","",""
2024-01-10,January 10,Wednesday,9:04 PM,good,"","",""
2024-01-10,January 10,Wednesday,12:19 PM,good,"","",""
2024-01-09,January 9,Tuesday,9:00 PM,meh,"","",""
2024-01-09,January 9,Tuesday,10:18 AM,good,"","",""
2024-01-08,January 8,Monday,9:06 PM,good,"","",""
2024-01-08,January 8,Monday,4:31 PM,good,"","",""
2024-01-07,January 7,Sunday,11:19 PM,good,"","",""
2024-01-07,January 7,Sunday,7:43 PM,good,"","",""
2024-01-06,January 6,Saturday,9:00 PM,good,"","",""
2024-01-06,January 6,Saturday,2:24 PM,good,"","",""
2024-01-05,January 5,Friday,10:12 PM,good,"","",""
2024-01-05,January 5,Friday,11:41 AM,good,"","",""
2024-01-04,January 4,Thursday,9:22 PM,meh,"","",""
2024-01-04,January 4,Thursday,10:56 AM,good,"","",""
2024-01-03,January 3,Wednesday,10:25 PM,good,"","",""
2024-01-03,January 3,Wednesday,11:22 AM,good,"","",""
2024-01-02,January 2,Tuesday,9:00 PM,good,"","",""
2024-01-02,January 2,Tuesday,9:53 AM,good,"","",""
2024-01-01,January 1,Monday,9:04 PM,good,"","",""
2024-01-01,January 1,Monday,3:26 PM,good,"","",""
2023-12-31,December 31,Sunday,9:00 PM,good,"","",""
2023-12-31,December 31,Sunday,9:09 AM,good,"bad sleep","",""
2023-12-30,December 30,Saturday,9:00 AM,rad,"","",""
2023-12-29,December 29,Friday,9:08 PM,good,"","",""
2023-12-29,December 29,Friday,9:44 AM,good,"","",""
2023-12-28,December 28,Thursday,9:48 PM,good,"","",""
2023-12-28,December 28,Thursday,4:44 PM,good,"","",""
2023-12-27,December 27,Wednesday,9:09 PM,good,"","",""
2023-12-27,December 27,Wednesday,4:33 PM,good,"","",""
2023-12-26,December 26,Tuesday,10:05 PM,good,"","",""
2023-12-25,December 25,Monday,10:24 PM,meh,"","",""
2023-12-25,December 25,Monday,1:45 PM,good,"","",""
2023-12-24,December 24,Sunday,2:46 PM,meh,"","",""
2023-12-23,December 23,Saturday,9:07 PM,good,"","",""
2023-12-23,December 23,Saturday,5:09 PM,good,"","",""
2023-12-22,December 22,Friday,10:48 AM,good,"","",""
2023-12-21,December 21,Thursday,2:13 PM,good,"","",""
2023-12-20,December 20,Wednesday,10:55 AM,good,"","",""
2023-12-19,December 19,Tuesday,9:00 PM,good,"","",""
2023-12-19,December 19,Tuesday,2:05 PM,meh,"","",""
2023-12-18,December 18,Monday,5:18 PM,good,"","",""
2023-12-17,December 17,Sunday,9:00 PM,good,"","",""
2023-12-17,December 17,Sunday,11:17 AM,good,"","",""
2023-12-16,December 16,Saturday,11:08 PM,good,"","",""
2023-12-15,December 15,Friday,9:05 PM,good,"","",""
2023-12-14,December 14,Thursday,11:13 PM,good,"","",""
2023-12-14,December 14,Thursday,12:08 PM,good,"","",""
2023-12-13,December 13,Wednesday,11:26 AM,good,"","",""
2023-12-12,December 12,Tuesday,2:19 PM,good,"","",""
2023-12-11,December 11,Monday,4:10 PM,good,"","",""
2023-12-10,December 10,Sunday,9:00 PM,good,"","",""
2023-12-10,December 10,Sunday,6:51 PM,good,"","",""
2023-12-09,December 9,Saturday,12:44 PM,good,"","",""
2023-12-08,December 8,Friday,9:00 PM,good,"","",""
2023-12-08,December 8,Friday,4:57 PM,good,"","",""
2023-12-07,December 7,Thursday,9:57 PM,good,"","",""
2023-12-07,December 7,Thursday,9:00 AM,good,"","",""
2023-12-06,December 6,Wednesday,10:00 PM,good,"","",""
2023-12-06,December 6,Wednesday,2:29 PM,good,"","",""
2023-12-05,December 5,Tuesday,9:00 PM,good,"","",""
2023-12-04,December 4,Monday,11:42 AM,good,"","",""
2023-12-03,December 3,Sunday,9:05 PM,good,"","",""
2023-12-03,December 3,Sunday,12:06 PM,good,"","",""
2023-12-02,December 2,Saturday,9:01 PM,good,"","",""
2023-11-30,November 30,Thursday,9:00 PM,bad,"","",""
2023-11-30,November 30,Thursday,4:02 PM,meh,"","",""
2023-11-29,November 29,Wednesday,10:18 PM,bad,"","",""
2023-11-29,November 29,Wednesday,1:16 PM,good,"","",""
2023-11-28,November 28,Tuesday,3:51 PM,meh,"","",""
2023-11-27,November 27,Monday,10:57 PM,good,"","",""
2023-11-25,November 25,Saturday,9:02 PM,good,"","",""
2023-11-25,November 25,Saturday,3:47 PM,good,"","",""
2023-11-24,November 24,Friday,10:52 PM,good,"","",""
2023-11-24,November 24,Friday,2:05 PM,good,"","",""
2023-11-23,November 23,Thursday,9:00 PM,good,"","",""
2023-11-22,November 22,Wednesday,9:24 PM,good,"","",""
2023-11-20,November 20,Monday,9:00 PM,good,"","",""
2023-11-20,November 20,Monday,11:05 AM,good,"","",""
2023-11-19,November 19,Sunday,9:00 PM,good,"","",""
2023-11-18,November 18,Saturday,4:44 PM,good,"","",""
2023-11-17,November 17,Friday,11:02 PM,good,"","",""
2023-11-16,November 16,Thursday,9:35 PM,good,"","",""
2023-11-16,November 16,Thursday,1:54 PM,good,"","",""
2023-11-15,November 15,Wednesday,1:18 PM,good,"","",""
2023-11-14,November 14,Tuesday,9:03 PM,good,"","",""
2023-11-14,November 14,Tuesday,2:53 PM,good,"","",""
2023-11-13,November 13,Monday,12:53 PM,good,"","",""
2023-11-12,November 12,Sunday,9:00 PM,good,"","",""
2023-11-11,November 11,Saturday,9:00 PM,good,"","",""
2023-11-11,November 11,Saturday,5:57 PM,good,"","",""
2023-11-10,November 10,Friday,1:49 PM,good,"","",""
2023-11-09,November 9,Thursday,9:24 PM,good,"","",""
2023-11-09,November 9,Thursday,10:29 AM,good,"","",""
2023-11-08,November 8,Wednesday,9:00 PM,good,"","",""
2023-11-07,November 7,Tuesday,9:01 PM,good,"","",""
2023-11-07,November 7,Tuesday,11:30 AM,meh,"","",""
2023-11-06,November 6,Monday,9:48 AM,good,"","",""
2023-11-05,November 5,Sunday,11:54 PM,good,"","",""
2023-11-04,November 4,Saturday,1:40 PM,good,"","",""
2023-11-03,November 3,Friday,9:22 PM,good,"","",""
2023-11-03,November 3,Friday,2:21 PM,good,"","",""
2023-11-02,November 2,Thursday,9:05 PM,good,"","",""
2023-11-02,November 2,Thursday,2:01 PM,good,"","",""
2023-11-01,November 1,Wednesday,9:00 PM,good,"","",""
2023-11-01,November 1,Wednesday,1:25 PM,good,"","",""
2023-10-31,October 31,Tuesday,1:03 PM,good,"","",""
2023-10-30,October 30,Monday,9:00 PM,good,"","",""
2023-10-30,October 30,Monday,1:43 PM,good,"","",""
2023-10-29,October 29,Sunday,10:54 PM,good,"","",""
2023-10-29,October 29,Sunday,8:18 PM,good,"","",""
2023-10-28,October 28,Saturday,9:03 PM,good,"","",""
2023-10-28,October 28,Saturday,11:29 AM,good,"","",""
2023-10-27,October 27,Friday,11:25 AM,good,"","",""
2023-10-26,October 26,Thursday,9:00 PM,good,"","",""
2023-10-26,October 26,Thursday,1:02 PM,good,"","",""
2023-10-25,October 25,Wednesday,9:14 PM,good,"","",""
2023-10-25,October 25,Wednesday,11:47 AM,good,"","",""
2023-10-24,October 24,Tuesday,10:03 PM,good,"","",""
2023-10-24,October 24,Tuesday,9:00 AM,good,"","",""
2023-10-23,October 23,Monday,11:51 AM,good,"","",""
2023-10-22,October 22,Sunday,9:43 PM,good,"","",""
2023-10-21,October 21,Saturday,4:37 PM,good,"","",""
2023-10-20,October 20,Friday,10:07 PM,good,"","",""
2023-10-20,October 20,Friday,9:28 AM,good,"","",""
2023-10-19,October 19,Thursday,9:29 PM,good,"","",""
2023-10-19,October 19,Thursday,10:40 AM,good,"","",""
2023-10-18,October 18,Wednesday,2:51 PM,good,"","",""
2023-10-17,October 17,Tuesday,10:56 PM,good,"","",""
2023-10-17,October 17,Tuesday,9:19 AM,good,"","",""
2023-10-16,October 16,Monday,7:14 PM,good,"","",""
2023-10-15,October 15,Sunday,9:02 PM,good,"","",""
2023-10-14,October 14,Saturday,9:00 PM,good,"","",""
2023-10-14,October 14,Saturday,9:00 AM,good,"","",""
2023-10-13,October 13,Friday,10:02 PM,bad,"","",""
2023-10-13,October 13,Friday,9:01 AM,good,"","",""
2023-10-12,October 12,Thursday,9:04 PM,good,"","",""
2023-10-12,October 12,Thursday,10:44 AM,good,"","",""
2023-10-11,October 11,Wednesday,9:47 PM,good,"","",""
2023-10-11,October 11,Wednesday,3:22 PM,good,"","",""
2023-10-10,October 10,Tuesday,9:00 PM,good,"","",""
2023-10-10,October 10,Tuesday,4:43 PM,good,"","",""
2023-10-09,October 9,Monday,10:07 PM,good,"","",""
2023-10-08,October 8,Sunday,9:45 PM,good,"","",""
2023-10-08,October 8,Sunday,12:38 PM,good,"","",""
2023-10-07,October 7,Saturday,9:55 PM,good,"","",""
2023-10-07,October 7,Saturday,3:10 PM,good,"","",""
2023-10-06,October 6,Friday,10:28 PM,good,"","",""
2023-10-06,October 6,Friday,12:27 PM,good,"","",""
2023-10-05,October 5,Thursday,9:00 PM,meh,"","",""
2023-10-05,October 5,Thursday,2:04 PM,good,"","",""
2023-10-04,October 4,Wednesday,9:00 PM,good,"","",""
2023-10-04,October 4,Wednesday,6:53 PM,meh,"kindness | listen","",""
2023-10-03,October 3,Tuesday,9:41 PM,bad,"","",""
2023-10-03,October 3,Tuesday,9:00 AM,good,"","",""
2023-10-02,October 2,Monday,10:57 PM,meh,"","",""
2023-10-02,October 2,Monday,8:33 PM,meh,"","",""
2023-10-01,October 1,Sunday,11:49 PM,good,"","",""
2023-10-01,October 1,Sunday,10:44 AM,good,"","",""
2023-09-30,September 30,Saturday,9:00 PM,good,"","",""
2023-09-30,September 30,Saturday,11:22 AM,good,"","",""
2023-09-29,September 29,Friday,10:31 PM,good,"","",""
2023-09-29,September 29,Friday,3:03 PM,good,"","",""
2023-09-28,September 28,Thursday,11:18 PM,good,"","",""
2023-09-27,September 27,Wednesday,9:06 AM,meh,"","",""
2023-09-26,September 26,Tuesday,9:05 PM,good,"","",""
2023-09-26,September 26,Tuesday,9:00 AM,good,"","",""
2023-09-25,September 25,Monday,9:52 PM,good,"","",""
2023-09-25,September 25,Monday,9:31 AM,good,"","",""
2023-09-24,September 24,Sunday,9:00 PM,good,"","",""
2023-09-24,September 24,Sunday,10:06 AM,good,"","",""
2023-09-23,September 23,Saturday,9:51 PM,good,"","",""
2023-09-23,September 23,Saturday,12:03 PM,good,"","",""
2023-09-22,September 22,Friday,10:14 PM,good,"","",""
2023-09-22,September 22,Friday,3:54 PM,good,"","",""
2023-09-21,September 21,Thursday,9:40 PM,good,"","",""
2023-09-20,September 20,Wednesday,9:00 AM,good,"","",""
2023-09-19,September 19,Tuesday,9:00 PM,good,"","",""
2023-09-19,September 19,Tuesday,1:32 PM,good,"","",""
2023-09-18,September 18,Monday,9:08 PM,good,"","",""
2023-09-18,September 18,Monday,11:02 AM,good,"","",""
2023-09-17,September 17,Sunday,9:00 PM,good,"","",""
2023-09-17,September 17,Sunday,12:48 PM,good,"","",""
2023-09-16,September 16,Saturday,9:00 PM,good,"","",""
2023-09-16,September 16,Saturday,11:47 AM,good,"","",""
2023-09-15,September 15,Friday,9:01 AM,good,"","",""
2023-09-14,September 14,Thursday,9:01 PM,good,"","",""
2023-09-13,September 13,Wednesday,9:14 PM,good,"","",""
2023-09-12,September 12,Tuesday,9:00 PM,good,"","",""
2023-09-12,September 12,Tuesday,9:07 AM,good,"","",""
2023-09-11,September 11,Monday,9:00 PM,good,"","",""
2023-09-11,September 11,Monday,9:00 AM,good,"","",""
2023-09-10,September 10,Sunday,9:00 PM,good,"","",""
2023-09-10,September 10,Sunday,11:02 AM,good,"","",""
2023-09-09,September 9,Saturday,9:00 PM,meh,"","",""
2023-09-09,September 9,Saturday,8:51 PM,meh,"","",""
2023-09-08,September 8,Friday,9:00 PM,good,"","",""
2023-09-07,September 7,Thursday,10:10 PM,bad,"","",""
2023-09-07,September 7,Thursday,12:29 PM,good,"","",""
2023-09-06,September 6,Wednesday,9:16 PM,meh,"","",""
2023-09-06,September 6,Wednesday,12:13 PM,meh,"","",""
2023-09-05,September 5,Tuesday,9:36 PM,bad,"","",""
2023-09-05,September 5,Tuesday,12:09 PM,good,"","",""
2023-09-04,September 4,Monday,8:00 PM,meh,"","",""
2023-09-03,September 3,Sunday,9:48 PM,good,"","",""
2023-09-03,September 3,Sunday,9:01 AM,good,"","",""
2023-09-02,September 2,Saturday,9:10 PM,good,"","",""
2023-09-02,September 2,Saturday,11:11 AM,good,"","",""
2023-09-01,September 1,Friday,9:03 PM,good,"","",""
2023-09-01,September 1,Friday,9:25 AM,good,"","",""
2023-08-31,August 31,Thursday,10:35 PM,good,"","",""
2023-08-31,August 31,Thursday,9:00 AM,good,"","",""
2023-08-30,August 30,Wednesday,11:31 PM,good,"","",""
2023-08-30,August 30,Wednesday,3:21 PM,good,"","",""
2023-08-29,August 29,Tuesday,11:51 PM,good,"","",""
2023-08-29,August 29,Tuesday,10:01 AM,good,"","",""
2023-08-28,August 28,Monday,9:21 PM,meh,"","",""
2023-08-28,August 28,Monday,9:00 AM,good,"","",""
2023-08-27,August 27,Sunday,10:45 PM,good,"","",""
2023-08-27,August 27,Sunday,2:30 PM,good,"","",""
2023-08-26,August 26,Saturday,9:06 AM,good,"","",""
2023-08-25,August 25,Friday,9:00 PM,good,"","",""
2023-08-25,August 25,Friday,9:19 AM,good,"","",""
2023-08-24,August 24,Thursday,10:18 PM,good,"","",""
2023-08-24,August 24,Thursday,9:09 AM,good,"","",""
2023-08-23,August 23,Wednesday,11:59 PM,good,"","",""
2023-08-23,August 23,Wednesday,11:27 AM,good,"","",""
2023-08-22,August 22,Tuesday,9:32 PM,good,"","",""
2023-08-22,August 22,Tuesday,1:17 PM,good,"","",""
2023-08-21,August 21,Monday,9:00 PM,good,"","",""
2023-08-21,August 21,Monday,9:54 AM,good,"","",""
2023-08-20,August 20,Sunday,9:00 PM,rad,"","",""
2023-08-20,August 20,Sunday,9:00 AM,good,"","",""
2023-08-18,August 18,Friday,9:00 AM,good,"","",""
2023-08-17,August 17,Thursday,9:00 PM,good,"","",""
2023-08-17,August 17,Thursday,9:35 AM,good,"","",""
2023-08-16,August 16,Wednesday,9:50 PM,good,"","",""
2023-08-16,August 16,Wednesday,2:27 PM,good,"","",""
2023-08-15,August 15,Tuesday,11:40 AM,good,"","",""
2023-08-14,August 14,Monday,9:00 PM,good,"","",""
2023-08-13,August 13,Sunday,9:08 PM,good,"","",""
2023-08-12,August 12,Saturday,9:00 PM,good,"","",""
2023-08-12,August 12,Saturday,12:44 PM,good,"","",""
2023-08-11,August 11,Friday,9:00 PM,good,"","",""
2023-08-11,August 11,Friday,3:39 PM,meh,"","",""
2023-08-10,August 10,Thursday,9:00 PM,meh,"","",""
2023-08-10,August 10,Thursday,11:36 AM,good,"","",""
2023-08-09,August 9,Wednesday,10:03 PM,good,"","",""
2023-08-08,August 8,Tuesday,9:10 PM,good,"","",""
2023-08-08,August 8,Tuesday,9:01 AM,good,"","",""
2023-08-07,August 7,Monday,9:00 PM,good,"","",""
2023-08-07,August 7,Monday,9:00 AM,good,"","",""
2023-08-06,August 6,Sunday,9:10 PM,good,"","",""
2023-08-06,August 6,Sunday,8:50 PM,good,"","",""
2023-08-05,August 5,Saturday,11:15 PM,good,"","",""
2023-08-04,August 4,Friday,10:15 PM,good,"","",""
2023-08-03,August 3,Thursday,9:00 PM,good,"","",""
2023-08-03,August 3,Thursday,9:51 AM,good,"","",""
2023-08-02,August 2,Wednesday,9:03 PM,good,"","",""
2023-08-02,August 2,Wednesday,4:53 PM,meh,"","",""
2023-08-01,August 1,Tuesday,11:28 AM,good,"","",""
2023-07-31,July 31,Monday,9:00 PM,meh,"","","Z*As So Auuh up 🤔 BBC"
2023-07-30,July 30,Sunday,10:56 PM,good,"","",""
2023-07-30,July 30,Sunday,5:17 PM,good,"","",""
2023-07-29,July 29,Saturday,9:18 PM,good,"","",""
2023-07-29,July 29,Saturday,11:04 AM,good,"","",""
2023-07-28,July 28,Friday,11:36 PM,good,"","",""
2023-07-28,July 28,Friday,11:28 AM,good,"","",""
2023-07-27,July 27,Thursday,10:46 PM,good,"","",""
2023-07-26,July 26,Wednesday,9:48 PM,good,"","",""
2023-07-26,July 26,Wednesday,9:44 AM,good,"","",""
2023-07-25,July 25,Tuesday,9:01 PM,good,"","",""
2023-07-25,July 25,Tuesday,11:39 AM,good,"","",""
2023-07-24,July 24,Monday,10:36 PM,meh,"","",""
2023-07-23,July 23,Sunday,9:02 PM,good,"","",""
2023-07-22,July 22,Saturday,9:00 PM,good,"Code","",""
2023-07-22,July 22,Saturday,1:26 PM,good,"","",""
2023-07-21,July 21,Friday,9:44 PM,good,"","",""
2023-07-20,July 20,Thursday,9:00 PM,meh,"","",""
2023-07-20,July 20,Thursday,1:13 PM,good,"","",""
2023-07-19,July 19,Wednesday,9:00 PM,good,"","",""
2023-07-18,July 18,Tuesday,9:37 PM,good,"","",""
2023-07-17,July 17,Monday,11:54 PM,good,"","",""
2023-07-17,July 17,Monday,4:23 PM,good,"","",""
2023-07-16,July 16,Sunday,10:07 PM,good,"","",""
2023-07-16,July 16,Sunday,9:00 AM,good,"","",""
2023-07-15,July 15,Saturday,9:00 PM,good,"","",""
2023-07-15,July 15,Saturday,1:03 PM,good,"","",""
2023-07-14,July 14,Friday,9:16 AM,good,"","",""
2023-07-13,July 13,Thursday,9:00 PM,good,"","",""
2023-07-13,July 13,Thursday,1:30 PM,good,"","",""
2023-07-12,July 12,Wednesday,9:22 PM,good,"","",""
2023-07-12,July 12,Wednesday,12:38 PM,good,"","",""
2023-07-11,July 11,Tuesday,9:06 PM,good,"","",""
2023-07-11,July 11,Tuesday,11:11 AM,good,"","",""
2023-07-10,July 10,Monday,9:00 PM,good,"","",""
2023-07-10,July 10,Monday,12:46 PM,good,"","",""
2023-07-09,July 9,Sunday,9:05 PM,good,"","",""
2023-07-09,July 9,Sunday,1:11 PM,good,"","",""
2023-07-08,July 8,Saturday,9:04 PM,good,"","",""
2023-07-08,July 8,Saturday,9:01 AM,good,"","",""
2023-07-07,July 7,Friday,9:59 PM,good,"","",""
2023-07-07,July 7,Friday,11:21 AM,good,"","",""
2023-07-06,July 6,Thursday,10:33 PM,good,"","",""
2023-07-06,July 6,Thursday,1:17 PM,good,"","",""
2023-07-05,July 5,Wednesday,11:57 AM,good,"","",""
2023-07-04,July 4,Tuesday,9:00 AM,good,"","",""
2023-07-03,July 3,Monday,9:26 PM,good,"","",""
2023-07-03,July 3,Monday,11:19 AM,good,"","",""
2023-07-02,July 2,Sunday,9:00 PM,good,"","",""
2023-07-02,July 2,Sunday,1:43 PM,good,"","",""
2023-07-01,July 1,Saturday,9:00 PM,good,"","",""
2023-06-30,June 30,Friday,1:47 PM,good,"","",""
2023-06-29,June 29,Thursday,9:03 PM,good,"","",""
2023-06-29,June 29,Thursday,1:51 PM,good,"","",""
2023-06-28,June 28,Wednesday,9:14 PM,good,"","",""
2023-06-27,June 27,Tuesday,9:01 PM,rad,"","",""
2023-06-27,June 27,Tuesday,10:15 AM,good,"","",""
2023-06-26,June 26,Monday,9:03 PM,good,"","",""
2023-06-26,June 26,Monday,11:03 AM,good,"","",""
2023-06-25,June 25,Sunday,9:17 PM,good,"","",""
2023-06-25,June 25,Sunday,11:26 AM,good,"","",""
2023-06-24,June 24,Saturday,9:02 PM,good,"","",""
2023-06-24,June 24,Saturday,12:52 PM,good,"","",""
2023-06-23,June 23,Friday,10:57 PM,good,"","",""
2023-06-23,June 23,Friday,1:45 PM,good,"","",""
2023-06-22,June 22,Thursday,9:00 PM,good,"","",""
2023-06-22,June 22,Thursday,12:00 PM,good,"","",""
2023-06-21,June 21,Wednesday,10:13 PM,good,"","",""
2023-06-21,June 21,Wednesday,3:11 PM,good,"","",""
2023-06-20,June 20,Tuesday,9:00 PM,good,"","",""
2023-06-20,June 20,Tuesday,9:06 AM,good,"","",""
2023-06-19,June 19,Monday,9:00 PM,good,"","",""
2023-06-19,June 19,Monday,10:27 AM,good,"","",""
2023-06-18,June 18,Sunday,9:08 PM,good,"","",""
2023-06-18,June 18,Sunday,9:13 AM,good,"","",""
2023-06-17,June 17,Saturday,9:01 PM,good,"","",""
2023-06-17,June 17,Saturday,9:50 AM,good,"","",""
2023-06-16,June 16,Friday,10:24 PM,good,"","",""
2023-06-16,June 16,Friday,10:31 AM,good,"good sleep","",""
2023-06-15,June 15,Thursday,9:01 PM,good,"good sleep","",""
2023-06-15,June 15,Thursday,11:29 AM,good,"","",""
2023-06-14,June 14,Wednesday,9:32 PM,good,"","",""
2023-06-14,June 14,Wednesday,12:18 PM,good,"","",""
2023-06-13,June 13,Tuesday,9:55 PM,good,"","",""
2023-06-13,June 13,Tuesday,12:30 PM,good,"","",""
2023-06-12,June 12,Monday,9:53 PM,good,"","",""
2023-06-12,June 12,Monday,12:19 PM,meh,"","",""
2023-06-11,June 11,Sunday,11:28 PM,good,"","",""
2023-06-11,June 11,Sunday,9:39 AM,good,"","",""
2023-06-10,June 10,Saturday,11:16 PM,good,"","",""
2023-06-10,June 10,Saturday,10:38 AM,good,"","",""
2023-06-09,June 9,Friday,11:33 PM,good,"","",""
2023-06-09,June 9,Friday,9:00 AM,good,"","",""
2023-06-08,June 8,Thursday,10:34 PM,good,"","",""
2023-06-08,June 8,Thursday,2:16 PM,good,"","",""
2023-06-07,June 7,Wednesday,9:02 PM,good,"","",""
2023-06-07,June 7,Wednesday,11:03 AM,good,"","",""
2023-06-06,June 6,Tuesday,9:00 PM,good,"","",""
2023-06-06,June 6,Tuesday,10:43 AM,good,"","",""
2023-06-05,June 5,Monday,10:19 PM,good,"","",""
2023-06-05,June 5,Monday,9:00 AM,good,"","",""
2023-06-04,June 4,Sunday,9:00 PM,good,"","",""
2023-06-04,June 4,Sunday,1:30 PM,good,"","",""
2023-06-03,June 3,Saturday,9:01 PM,good,"","",""
2023-06-03,June 3,Saturday,11:06 AM,good,"","",""
2023-06-02,June 2,Friday,9:00 PM,rad,"","","Drugs"
2023-06-02,June 2,Friday,10:39 AM,good,"","",""
2023-06-01,June 1,Thursday,9:02 PM,good,"","",""
2023-06-01,June 1,Thursday,12:46 PM,good,"","",""
2023-05-31,May 31,Wednesday,8:00 PM,good,"","",""
2023-05-30,May 30,Tuesday,10:18 PM,good,"","",""
2023-05-30,May 30,Tuesday,9:00 AM,good,"","",""
2023-05-29,May 29,Monday,9:13 PM,good,"","",""
2023-05-29,May 29,Monday,11:19 AM,good,"","",""
2023-05-28,May 28,Sunday,9:26 PM,good,"good sleep","",""
2023-05-28,May 28,Sunday,10:31 AM,good,"","",""
2023-05-27,May 27,Saturday,9:00 PM,good,"","",""
2023-05-27,May 27,Saturday,9:00 AM,good,"","",""
2023-05-26,May 26,Friday,9:08 PM,good,"good sleep","",""
2023-05-26,May 26,Friday,10:38 AM,good,"","",""
2023-05-25,May 25,Thursday,9:00 PM,good,"","",""
2023-05-25,May 25,Thursday,9:08 AM,good,"","",""
2023-05-24,May 24,Wednesday,9:41 PM,good,"","",""
2023-05-24,May 24,Wednesday,10:11 AM,good,"","",""
2023-05-23,May 23,Tuesday,10:12 AM,good,"good sleep","",""
2023-05-22,May 22,Monday,10:12 PM,good,"","",""
2023-05-22,May 22,Monday,9:59 AM,good,"","",""
2023-05-21,May 21,Sunday,9:07 PM,good,"","",""
2023-05-21,May 21,Sunday,10:29 AM,good,"","",""
2023-05-20,May 20,Saturday,9:28 PM,good,"","",""
2023-05-20,May 20,Saturday,10:30 AM,good,"","",""
2023-05-19,May 19,Friday,10:11 PM,good,"","",""
2023-05-19,May 19,Friday,1:06 PM,good,"","",""
2023-05-18,May 18,Thursday,9:04 PM,good,"","",""
2023-05-18,May 18,Thursday,9:09 AM,good,"","",""
2023-05-17,May 17,Wednesday,9:15 PM,meh,"","",""
2023-05-17,May 17,Wednesday,10:09 AM,good,"","",""
2023-05-16,May 16,Tuesday,9:58 PM,good,"","","Grateful for kratom"
2023-05-16,May 16,Tuesday,9:21 AM,meh,"","",""
2023-05-15,May 15,Monday,9:04 PM,meh,"","",""
2023-05-15,May 15,Monday,9:32 AM,good,"","",""
2023-05-14,May 14,Sunday,9:01 PM,good,"good sleep","",""
2023-05-14,May 14,Sunday,9:00 AM,good,"","",""
2023-05-13,May 13,Saturday,9:03 PM,good,"","","Grateful for 40 mile bike ride"
2023-05-13,May 13,Saturday,10:50 AM,good,"","",""
2023-05-12,May 12,Friday,9:58 PM,good,"medium sleep","","My performance in dodgeball"
2023-05-12,May 12,Friday,10:54 AM,good,"","",""
2023-05-11,May 11,Thursday,9:04 PM,good,"","","Grateful for my bike ride PR"
2023-05-11,May 11,Thursday,9:17 AM,good,"","",""
2023-05-10,May 10,Wednesday,9:01 PM,good,"good sleep","","Grateful for my deadlifts"
2023-05-10,May 10,Wednesday,10:10 AM,good,"","",""
2023-05-09,May 9,Tuesday,9:00 PM,good,"good sleep","","Grateful for my gym session"
2023-05-09,May 9,Tuesday,9:58 AM,good,"","",""
2023-05-08,May 8,Monday,9:08 PM,meh,"","",""
2023-05-08,May 8,Monday,9:49 AM,good,"good sleep","",""
2023-05-07,May 7,Sunday,9:00 PM,good,"","","Grateful for my nap"
2023-05-07,May 7,Sunday,9:19 AM,meh,"","",""
2023-05-06,May 6,Saturday,11:29 PM,good,"medium sleep","",""
2023-05-06,May 6,Saturday,10:08 AM,good,"","",""
2023-05-05,May 5,Friday,9:00 PM,meh,"","","Grateful for my cat"
2023-05-05,May 5,Friday,10:02 AM,good,"","",""
2023-05-04,May 4,Thursday,10:13 PM,good,"","",""
2023-05-04,May 4,Thursday,9:00 AM,good,"","",""
2023-05-03,May 3,Wednesday,8:00 PM,good,"","",""
2023-05-02,May 2,Tuesday,9:00 PM,good,"","","Grateful for having interviews"
2023-05-01,May 1,Monday,9:14 PM,good,"","",""
2023-05-01,May 1,Monday,9:04 AM,good,"","",""
2023-04-30,April 30,Sunday,9:00 PM,good,"","",""
2023-04-30,April 30,Sunday,9:15 AM,good,"good sleep","",""
2023-04-29,April 29,Saturday,9:00 PM,good,"","","Grateful to be with Vim again"
2023-04-29,April 29,Saturday,11:48 AM,good,"","",""
2023-04-28,April 28,Friday,9:37 PM,good,"","",""
2023-04-28,April 28,Friday,9:32 AM,good,"","",""
2023-04-27,April 27,Thursday,9:00 PM,good,"medium sleep","",""
2023-04-27,April 27,Thursday,10:02 AM,good,"","",""
2023-04-26,April 26,Wednesday,9:46 PM,good,"","","Grateful for the Uber driving telling me I need a reservation to get into El Yunque"
2023-04-26,April 26,Wednesday,10:13 AM,good,"","",""
2023-04-25,April 25,Tuesday,10:55 PM,good,"","","Grateful for my vacation to PR"
2023-04-25,April 25,Tuesday,12:22 PM,good,"bad sleep","",""
2023-04-24,April 24,Monday,11:32 AM,good,"good sleep","",""
2023-04-23,April 23,Sunday,10:43 PM,good,"","","Grateful for kratom"
2023-04-23,April 23,Sunday,9:00 AM,good,"","",""
2023-04-22,April 22,Saturday,9:02 PM,good,"","","Grateful for nothing bad happening on my shroom trip"
2023-04-22,April 22,Saturday,9:36 AM,good,"","",""
2023-04-21,April 21,Friday,9:00 PM,meh,"","","Grateful I didn't get negative feedback from my boss"
2023-04-21,April 21,Friday,10:07 AM,good,"","",""
2023-04-20,April 20,Thursday,9:15 PM,good,"medium sleep","",""
2023-04-20,April 20,Thursday,1:33 PM,good,"","",""
2023-04-19,April 19,Wednesday,9:57 PM,good,"medium sleep | exercise | Code","","Grateful for my contract ending not getting fired"
2023-04-19,April 19,Wednesday,10:22 AM,good,"medium sleep","",""
2023-04-18,April 18,Tuesday,9:42 PM,good,"","",""
2023-04-18,April 18,Tuesday,9:00 PM,good,"","","Grateful for my cat"
2023-04-17,April 17,Monday,10:07 PM,good,"medium sleep","","Grateful for my reps arriving"
2023-04-17,April 17,Monday,10:56 AM,meh,"medium sleep","",""
2023-04-16,April 16,Sunday,9:29 PM,good,"","","Grateful for how little social anxiety I had at Code and Coffee"
2023-04-16,April 16,Sunday,12:55 PM,good,"","",""
2023-04-15,April 15,Saturday,9:01 PM,meh,"bad sleep","","Grateful for not getting run over during my bike ride"
2023-04-15,April 15,Saturday,9:00 AM,good,"","",""
2023-04-14,April 14,Friday,11:41 PM,meh,"","",""
2023-04-14,April 14,Friday,11:15 AM,good,"","",""
2023-04-13,April 13,Thursday,10:01 PM,good,"","","Grateful for actually getting work done"
2023-04-13,April 13,Thursday,9:59 AM,good,"","",""
2023-04-12,April 12,Wednesday,9:19 PM,good,"","",""
2023-04-12,April 12,Wednesday,11:37 AM,meh,"","",""
2023-04-11,April 11,Tuesday,9:00 PM,meh,"bad sleep","",""
2023-04-11,April 11,Tuesday,1:55 PM,meh,"bad sleep","",""
2023-04-10,April 10,Monday,9:00 PM,meh,"","",""
2023-04-10,April 10,Monday,9:53 AM,good,"","",""
2023-04-09,April 9,Sunday,11:39 PM,meh,"","",""
2023-04-09,April 9,Sunday,10:15 AM,good,"","",""
2023-04-08,April 8,Saturday,9:35 PM,good,"","",""
2023-04-08,April 8,Saturday,10:12 AM,good,"","",""
2023-04-07,April 7,Friday,9:00 PM,meh,"","","Grateful to be done with work for week"
2023-04-07,April 7,Friday,9:06 AM,meh,"","",""
2023-04-06,April 6,Thursday,9:00 PM,meh,"","",""
2023-04-06,April 6,Thursday,10:25 AM,good,"","",""
2023-04-05,April 5,Wednesday,9:00 PM,good,"","","Grateful to be done with work for the day"
2023-04-05,April 5,Wednesday,9:00 AM,good,"","",""
2023-04-04,April 4,Tuesday,9:02 PM,good,"","","Grateful to be off Lithium"
2023-04-04,April 4,Tuesday,9:00 AM,good,"","",""
2023-04-03,April 3,Monday,9:32 PM,meh,"","","Grateful I am not in the hospital"
2023-04-03,April 3,Monday,9:00 AM,good,"","",""
2023-04-02,April 2,Sunday,9:33 AM,good,"","",""
2023-04-01,April 1,Saturday,11:06 PM,meh,"","",""
2023-04-01,April 1,Saturday,9:00 AM,meh,"","",""
2023-03-31,March 31,Friday,9:00 PM,good,"","","Grateful to be out of the hospital"
2023-03-21,March 21,Tuesday,9:00 AM,good,"","",""
2023-03-20,March 20,Monday,9:00 PM,meh,"","","Grateful my code now works... I think"
2023-03-20,March 20,Monday,9:01 AM,good,"","",""
2023-03-19,March 19,Sunday,9:00 PM,meh,"","",""
2023-03-19,March 19,Sunday,9:00 AM,meh,"","",""
2023-03-18,March 18,Saturday,9:01 PM,bad,"","",""
2023-03-18,March 18,Saturday,9:17 AM,good,"","",""
2023-03-17,March 17,Friday,9:00 PM,bad,"","","I'm grateful for not being fired today"
2023-03-17,March 17,Friday,9:03 AM,good,"","",""
2023-03-16,March 16,Thursday,9:00 PM,good,"","",""
2023-03-16,March 16,Thursday,9:01 AM,good,"","",""
2023-03-15,March 15,Wednesday,9:00 PM,good,"","","Grateful for caffeine"
2023-03-15,March 15,Wednesday,9:00 AM,good,"","",""
2023-03-14,March 14,Tuesday,9:00 PM,good,"","",""
2023-03-14,March 14,Tuesday,9:05 AM,good,"","",""
2023-03-13,March 13,Monday,9:00 PM,good,"","",""
2023-03-13,March 13,Monday,9:00 AM,good,"","",""
2023-03-12,March 12,Sunday,9:19 PM,good,"","","Grateful for my nap"
2023-03-12,March 12,Sunday,10:00 AM,good,"","",""
2023-03-11,March 11,Saturday,9:00 PM,good,"","","Grateful for not being too hungover"
2023-03-11,March 11,Saturday,9:00 AM,meh,"","",""
2023-03-10,March 10,Friday,9:00 PM,bad,"","",""
2023-03-10,March 10,Friday,9:00 AM,good,"","",""
2023-03-09,March 9,Thursday,9:00 PM,good,"","","Grateful for my haircut and washandfold"
2023-03-09,March 9,Thursday,9:00 AM,good,"","",""
2023-03-08,March 8,Wednesday,9:00 PM,good,"","","Grateful for being able to watch a show with my brother after work"
2023-03-08,March 8,Wednesday,9:00 AM,good,"","",""
2023-03-07,March 7,Tuesday,9:00 PM,good,"","",""
2023-03-07,March 7,Tuesday,7:12 PM,good,"","","Grateful for my cat<br>Looking forward to the birthday parties of Danielle and Daisy this weekend"
2023-03-06,March 6,Monday,9:00 PM,good,"","",""
2023-03-06,March 6,Monday,9:00 AM,good,"","",""
2023-03-05,March 5,Sunday,9:01 PM,good,"","",""
2023-03-05,March 5,Sunday,11:20 AM,good,"","",""
2023-03-04,March 4,Saturday,10:41 PM,good,"","",""
2023-03-04,March 4,Saturday,9:30 AM,good,"","",""
2023-03-03,March 3,Friday,9:00 PM,good,"","",""
2023-03-03,March 3,Friday,9:00 AM,good,"","",""
2023-03-02,March 2,Thursday,9:22 PM,good,"","",""
2023-03-02,March 2,Thursday,9:01 AM,good,"","",""
2023-03-01,March 1,Wednesday,9:02 PM,good,"","",""
2023-03-01,March 1,Wednesday,9:02 AM,good,"","",""
2023-02-28,February 28,Tuesday,9:00 PM,good,"","",""
2023-02-28,February 28,Tuesday,9:00 AM,good,"","",""
2023-02-27,February 27,Monday,9:00 PM,good,"","",""
2023-02-27,February 27,Monday,9:00 AM,good,"bad sleep","",""
2023-02-26,February 26,Sunday,9:00 PM,meh,"","",""
2023-02-26,February 26,Sunday,11:13 AM,good,"","",""
2023-02-25,February 25,Saturday,9:35 PM,good,"","",""
2023-02-25,February 25,Saturday,11:58 AM,good,"","",""
2023-02-24,February 24,Friday,10:29 PM,good,"","",""
2023-02-24,February 24,Friday,9:07 AM,good,"","",""
2023-02-23,February 23,Thursday,9:00 PM,good,"","",""
2023-02-23,February 23,Thursday,9:26 AM,good,"","",""
2023-02-22,February 22,Wednesday,9:00 PM,good,"","",""
2023-02-21,February 21,Tuesday,9:00 PM,good,"","",""
2023-02-21,February 21,Tuesday,9:00 AM,good,"","",""
2023-02-20,February 20,Monday,9:03 PM,good,"","",""
2023-02-20,February 20,Monday,9:00 AM,good,"","",""
2023-02-19,February 19,Sunday,9:08 PM,good,"","",""
2023-02-19,February 19,Sunday,10:12 AM,good,"","",""
2023-02-18,February 18,Saturday,9:51 PM,good,"","",""
2023-02-18,February 18,Saturday,10:21 AM,good,"","",""
2023-02-17,February 17,Friday,9:00 PM,good,"","",""
2023-02-17,February 17,Friday,9:00 AM,good,"","",""
2023-02-16,February 16,Thursday,9:00 PM,good,"","",""
2023-02-16,February 16,Thursday,9:03 AM,good,"","",""
2023-02-15,February 15,Wednesday,9:00 PM,good,"","",""
2023-02-15,February 15,Wednesday,9:16 AM,good,"","",""
2023-02-14,February 14,Tuesday,9:00 PM,meh,"","",""
2023-02-14,February 14,Tuesday,9:00 AM,good,"","",""
2023-02-13,February 13,Monday,9:00 PM,good,"","",""
2023-02-13,February 13,Monday,9:05 AM,good,"","",""
2023-02-12,February 12,Sunday,9:27 PM,good,"","",""
2023-02-12,February 12,Sunday,9:00 PM,good,"","",""
2023-02-12,February 12,Sunday,9:00 AM,good,"","",""
2023-02-11,February 11,Saturday,9:00 PM,good,"","",""
2023-02-11,February 11,Saturday,9:10 AM,good,"","",""
2023-02-10,February 10,Friday,10:13 PM,good,"","",""
2023-02-10,February 10,Friday,9:12 AM,good,"","",""
2023-02-09,February 9,Thursday,9:00 PM,good,"","",""
2023-02-09,February 9,Thursday,12:36 PM,good,"","",""
2023-02-08,February 8,Wednesday,9:00 PM,meh,"bad sleep","",""
2023-02-08,February 8,Wednesday,6:07 PM,good,"","",""
2023-02-07,February 7,Tuesday,11:51 PM,good,"","",""
2023-02-06,February 6,Monday,9:51 PM,good,"","",""
2023-02-06,February 6,Monday,10:29 AM,good,"","",""
2023-02-05,February 5,Sunday,9:00 PM,good,"","",""
2023-02-05,February 5,Sunday,10:05 AM,good,"","",""
2023-02-04,February 4,Saturday,9:09 PM,good,"","",""
2023-02-04,February 4,Saturday,11:18 AM,good,"","",""
2023-02-03,February 3,Friday,9:10 PM,good,"","",""
2023-02-03,February 3,Friday,10:10 AM,good,"","",""
2023-02-02,February 2,Thursday,9:02 PM,good,"","",""
2023-02-02,February 2,Thursday,11:43 AM,meh,"","",""
2023-01-31,January 31,Tuesday,11:06 PM,good,"","",""
2023-01-31,January 31,Tuesday,9:04 AM,good,"","",""
2023-01-30,January 30,Monday,9:00 PM,good,"","",""
2023-01-30,January 30,Monday,9:49 AM,good,"","",""
2023-01-29,January 29,Sunday,9:10 PM,good,"","",""
2023-01-29,January 29,Sunday,12:40 PM,good,"","",""
2023-01-28,January 28,Saturday,9:53 PM,good,"","",""
2023-01-28,January 28,Saturday,9:10 AM,good,"","",""
2023-01-27,January 27,Friday,10:34 PM,good,"","",""
2023-01-27,January 27,Friday,10:58 AM,good,"","",""
2023-01-26,January 26,Thursday,9:17 PM,good,"","",""
2023-01-26,January 26,Thursday,10:57 AM,good,"","",""
2023-01-25,January 25,Wednesday,9:13 PM,good,"","",""
2023-01-25,January 25,Wednesday,9:00 AM,good,"","",""
2023-01-24,January 24,Tuesday,9:00 PM,meh,"","",""
2023-01-24,January 24,Tuesday,12:00 PM,good,"","",""
2023-01-23,January 23,Monday,9:00 PM,good,"","",""
2023-01-23,January 23,Monday,10:16 AM,good,"","",""
2023-01-22,January 22,Sunday,9:00 PM,meh,"","",""
2023-01-22,January 22,Sunday,11:24 AM,good,"","",""
2023-01-21,January 21,Saturday,9:18 PM,good,"","",""
2023-01-21,January 21,Saturday,12:15 PM,good,"","",""
2023-01-20,January 20,Friday,9:13 PM,good,"","",""
2023-01-20,January 20,Friday,11:59 AM,good,"","",""
2023-01-19,January 19,Thursday,9:07 PM,good,"","",""
2023-01-19,January 19,Thursday,10:07 AM,good,"","",""
2023-01-18,January 18,Wednesday,10:04 PM,good,"","",""
2023-01-18,January 18,Wednesday,9:23 AM,good,"","",""
2023-01-17,January 17,Tuesday,9:05 PM,good,"","",""
2023-01-17,January 17,Tuesday,9:40 AM,good,"","",""
2023-01-16,January 16,Monday,9:10 PM,good,"","",""
2023-01-16,January 16,Monday,10:47 AM,good,"","",""
2023-01-15,January 15,Sunday,9:08 PM,good,"","",""
2023-01-15,January 15,Sunday,10:10 AM,good,"","",""
2023-01-14,January 14,Saturday,9:00 PM,good,"","",""
2023-01-14,January 14,Saturday,10:33 AM,good,"","",""
2023-01-13,January 13,Friday,10:19 PM,good,"","",""
2023-01-13,January 13,Friday,10:15 AM,good,"","",""
2023-01-12,January 12,Thursday,9:00 PM,good,"","",""
2023-01-12,January 12,Thursday,9:00 AM,good,"","",""
2023-01-11,January 11,Wednesday,9:31 PM,good,"","",""
2023-01-11,January 11,Wednesday,10:16 AM,good,"","",""
2023-01-10,January 10,Tuesday,9:00 PM,good,"","",""
2023-01-10,January 10,Tuesday,9:55 AM,good,"","",""
2023-01-09,January 9,Monday,9:00 PM,good,"","",""
2023-01-09,January 9,Monday,9:17 AM,good,"","",""
2023-01-08,January 8,Sunday,9:00 PM,good,"","",""
2023-01-08,January 8,Sunday,9:00 AM,good,"","",""
2023-01-07,January 7,Saturday,9:00 PM,meh,"","",""
2023-01-07,January 7,Saturday,10:02 AM,good,"","",""
2023-01-06,January 6,Friday,10:14 PM,good,"","",""
2023-01-06,January 6,Friday,10:08 AM,good,"","",""
2023-01-05,January 5,Thursday,9:22 PM,good,"","",""
2023-01-05,January 5,Thursday,9:17 AM,good,"","",""
2023-01-04,January 4,Wednesday,9:04 PM,good,"","",""
2023-01-04,January 4,Wednesday,9:00 AM,good,"","",""
2023-01-03,January 3,Tuesday,9:00 PM,good,"","",""
2023-01-02,January 2,Monday,9:00 PM,good,"","",""
2023-01-02,January 2,Monday,10:08 AM,good,"","",""
2023-01-01,January 1,Sunday,9:24 PM,good,"","",""
2023-01-01,January 1,Sunday,11:19 AM,good,"","",""
2022-12-31,December 31,Saturday,9:00 PM,rad,"","",""
2022-12-31,December 31,Saturday,9:00 AM,good,"","",""
2022-12-30,December 30,Friday,9:00 PM,good,"","",""
2022-12-30,December 30,Friday,9:07 AM,good,"","",""
2022-12-29,December 29,Thursday,9:00 PM,good,"","",""
2022-12-29,December 29,Thursday,9:58 AM,good,"","",""
2022-12-28,December 28,Wednesday,9:00 PM,good,"","",""
2022-12-28,December 28,Wednesday,11:41 AM,good,"","",""
2022-12-27,December 27,Tuesday,9:02 PM,good,"","",""
2022-12-27,December 27,Tuesday,9:37 AM,good,"","",""
2022-12-26,December 26,Monday,9:03 PM,good,"","",""
2022-12-26,December 26,Monday,10:31 AM,good,"","",""
2022-12-25,December 25,Sunday,9:00 PM,good,"","",""
2022-12-25,December 25,Sunday,11:52 AM,good,"","",""
2022-12-24,December 24,Saturday,10:28 PM,good,"","",""
2022-12-24,December 24,Saturday,2:58 PM,good,"","",""
2022-12-23,December 23,Friday,9:00 PM,good,"","",""
2022-12-23,December 23,Friday,9:00 AM,good,"","",""
2022-12-22,December 22,Thursday,10:02 PM,good,"","",""
2022-12-21,December 21,Wednesday,9:31 PM,good,"","",""
2022-12-21,December 21,Wednesday,9:51 AM,good,"","",""
2022-12-20,December 20,Tuesday,10:19 PM,meh,"","",""
2022-12-19,December 19,Monday,9:00 PM,good,"","",""
2022-12-19,December 19,Monday,9:32 AM,good,"","",""
2022-12-18,December 18,Sunday,9:00 PM,good,"","",""
2022-12-18,December 18,Sunday,10:07 AM,good,"","",""
2022-12-17,December 17,Saturday,9:00 PM,good,"","",""
2022-12-17,December 17,Saturday,11:58 AM,good,"","",""
2022-12-16,December 16,Friday,10:11 PM,good,"","",""
2022-12-16,December 16,Friday,9:03 AM,good,"","",""
2022-12-15,December 15,Thursday,9:00 PM,good,"","",""
2022-12-15,December 15,Thursday,9:32 AM,good,"","",""
2022-12-14,December 14,Wednesday,9:23 PM,good,"","",""
2022-12-14,December 14,Wednesday,9:06 AM,good,"","",""
2022-12-13,December 13,Tuesday,9:00 PM,meh,"","",""
2022-12-13,December 13,Tuesday,9:21 AM,good,"","",""
2022-12-12,December 12,Monday,9:17 PM,good,"","",""
2022-12-12,December 12,Monday,9:00 AM,good,"","",""
2022-12-11,December 11,Sunday,9:00 PM,meh,"","",""
2022-12-11,December 11,Sunday,9:06 AM,good,"","",""
2022-12-10,December 10,Saturday,9:01 PM,meh,"","",""
2022-12-10,December 10,Saturday,9:55 AM,good,"","",""
2022-12-09,December 9,Friday,10:17 PM,good,"","",""
2022-12-09,December 9,Friday,9:21 AM,good,"","",""
2022-12-08,December 8,Thursday,9:01 PM,good,"","",""
2022-12-08,December 8,Thursday,9:02 AM,good,"","",""
2022-12-07,December 7,Wednesday,9:00 PM,good,"","",""
2022-12-07,December 7,Wednesday,9:02 AM,good,"","",""
2022-12-06,December 6,Tuesday,9:00 PM,good,"","",""
2022-12-05,December 5,Monday,10:11 PM,good,"","",""
2022-12-05,December 5,Monday,9:12 AM,good,"","",""
2022-12-04,December 4,Sunday,9:00 PM,meh,"","",""
2022-12-04,December 4,Sunday,10:28 AM,good,"","",""
2022-12-03,December 3,Saturday,9:11 PM,good,"","",""
2022-12-03,December 3,Saturday,12:03 PM,good,"","",""
2022-12-02,December 2,Friday,10:18 PM,good,"","",""
2022-12-02,December 2,Friday,10:15 AM,good,"","",""
2022-12-01,December 1,Thursday,9:17 PM,good,"","",""
2022-12-01,December 1,Thursday,11:24 AM,good,"","",""
2022-11-30,November 30,Wednesday,9:00 PM,good,"","",""
2022-11-30,November 30,Wednesday,9:45 AM,good,"","",""
2022-11-29,November 29,Tuesday,9:00 PM,good,"","",""
2022-11-29,November 29,Tuesday,9:12 AM,good,"","",""
2022-11-28,November 28,Monday,9:02 PM,good,"","",""
2022-11-28,November 28,Monday,9:00 AM,good,"","",""
2022-11-27,November 27,Sunday,9:00 PM,good,"","",""
2022-11-27,November 27,Sunday,11:09 AM,good,"","",""
2022-11-26,November 26,Saturday,9:00 PM,good,"","",""
2022-11-26,November 26,Saturday,12:02 PM,good,"","",""
2022-11-25,November 25,Friday,9:33 PM,good,"","",""
2022-11-25,November 25,Friday,9:29 AM,good,"","",""
2022-11-24,November 24,Thursday,9:00 PM,good,"","",""
2022-11-24,November 24,Thursday,10:54 AM,good,"","",""
2022-11-23,November 23,Wednesday,9:00 PM,good,"","",""
2022-11-23,November 23,Wednesday,11:33 AM,good,"","",""
2022-11-22,November 22,Tuesday,12:46 PM,good,"","",""
2022-11-21,November 21,Monday,9:00 PM,good,"","",""
2022-11-21,November 21,Monday,12:45 PM,good,"","",""
2022-11-20,November 20,Sunday,9:00 PM,good,"","",""
2022-11-20,November 20,Sunday,9:00 AM,good,"","",""
2022-11-19,November 19,Saturday,9:16 PM,good,"","",""
2022-11-19,November 19,Saturday,11:30 AM,good,"","",""
2022-11-18,November 18,Friday,10:16 PM,good,"","",""
2022-11-18,November 18,Friday,10:55 AM,good,"","",""
2022-11-17,November 17,Thursday,9:03 PM,good,"","",""
2022-11-16,November 16,Wednesday,9:03 PM,good,"","",""
2022-11-16,November 16,Wednesday,10:51 AM,good,"","",""
2022-11-15,November 15,Tuesday,9:00 AM,good,"","",""
2022-11-14,November 14,Monday,9:01 PM,good,"","",""
2022-11-14,November 14,Monday,9:00 AM,good,"","",""
2022-11-13,November 13,Sunday,10:12 PM,meh,"","",""
2022-11-13,November 13,Sunday,10:19 AM,good,"","",""
2022-11-12,November 12,Saturday,9:27 PM,meh,"","",""
2022-11-12,November 12,Saturday,11:52 AM,good,"","",""
2022-11-11,November 11,Friday,10:07 PM,good,"","",""
2022-11-11,November 11,Friday,9:44 AM,good,"","",""
2022-11-10,November 10,Thursday,9:20 PM,good,"","",""
2022-11-10,November 10,Thursday,9:55 AM,good,"","",""
2022-11-09,November 9,Wednesday,9:00 PM,good,"","",""
2022-11-09,November 9,Wednesday,9:00 AM,good,"","",""
2022-11-08,November 8,Tuesday,9:26 PM,good,"","",""
2022-11-08,November 8,Tuesday,9:00 AM,good,"","",""
2022-11-07,November 7,Monday,9:40 PM,good,"","",""
2022-11-07,November 7,Monday,9:32 AM,good,"","",""
2022-11-06,November 6,Sunday,9:00 PM,good,"","",""
2022-11-06,November 6,Sunday,9:05 AM,good,"","",""
2022-11-05,November 5,Saturday,9:00 PM,good,"","",""
2022-11-05,November 5,Saturday,9:05 AM,good,"","",""
2022-11-04,November 4,Friday,9:27 PM,meh,"","",""
2022-11-04,November 4,Friday,10:01 AM,good,"","",""
2022-11-03,November 3,Thursday,9:16 PM,good,"","",""
2022-11-02,November 2,Wednesday,9:41 PM,good,"","",""
2022-11-02,November 2,Wednesday,11:24 AM,good,"","",""
2022-11-01,November 1,Tuesday,9:12 PM,good,"","",""
2022-11-01,November 1,Tuesday,11:46 AM,good,"","",""
2022-10-31,October 31,Monday,9:03 PM,good,"","",""
2022-10-31,October 31,Monday,11:28 AM,good,"","",""
2022-10-30,October 30,Sunday,9:00 PM,meh,"","",""
2022-10-30,October 30,Sunday,11:37 AM,good,"","",""
2022-10-29,October 29,Saturday,9:02 PM,meh,"","",""
2022-10-29,October 29,Saturday,9:24 AM,good,"","",""
2022-10-28,October 28,Friday,9:00 PM,good,"","",""
2022-10-28,October 28,Friday,10:30 AM,good,"","",""
2022-10-27,October 27,Thursday,9:05 PM,good,"","",""
2022-10-27,October 27,Thursday,11:16 AM,good,"","",""
2022-10-26,October 26,Wednesday,9:00 PM,good,"","",""
2022-10-26,October 26,Wednesday,9:18 AM,good,"","",""
2022-10-25,October 25,Tuesday,9:12 PM,good,"","",""
2022-10-25,October 25,Tuesday,9:00 AM,good,"","",""
2022-10-24,October 24,Monday,9:00 PM,meh,"","",""
2022-10-24,October 24,Monday,10:36 AM,good,"","",""
2022-10-23,October 23,Sunday,9:00 PM,good,"","",""
2022-10-23,October 23,Sunday,9:46 AM,good,"","",""
2022-10-22,October 22,Saturday,9:51 PM,meh,"","",""
2022-10-22,October 22,Saturday,10:49 AM,good,"","",""
2022-10-21,October 21,Friday,9:00 PM,good,"","",""
2022-10-21,October 21,Friday,12:09 PM,good,"","",""
2022-10-20,October 20,Thursday,9:00 PM,good,"","",""
2022-10-20,October 20,Thursday,10:24 AM,good,"","",""
2022-10-19,October 19,Wednesday,9:00 PM,good,"","",""
2022-10-19,October 19,Wednesday,9:50 AM,good,"","",""
2022-10-18,October 18,Tuesday,10:41 PM,good,"","",""
2022-10-17,October 17,Monday,9:01 PM,meh,"","",""
2022-10-17,October 17,Monday,9:51 AM,good,"","",""
2022-10-16,October 16,Sunday,9:01 PM,good,"","",""
2022-10-16,October 16,Sunday,9:16 AM,good,"","",""
2022-10-15,October 15,Saturday,9:07 PM,good,"","",""
2022-10-15,October 15,Saturday,11:18 AM,good,"","",""
2022-10-14,October 14,Friday,10:09 PM,good,"","",""
2022-10-14,October 14,Friday,11:35 AM,good,"","",""
2022-10-13,October 13,Thursday,9:17 PM,good,"","",""
2022-10-13,October 13,Thursday,9:00 AM,good,"","",""
2022-10-12,October 12,Wednesday,10:32 PM,meh,"","",""
2022-10-12,October 12,Wednesday,9:00 AM,good,"","",""
2022-10-11,October 11,Tuesday,9:18 PM,good,"","",""
2022-10-11,October 11,Tuesday,9:06 AM,good,"","",""
2022-10-10,October 10,Monday,9:49 PM,good,"","",""
2022-10-10,October 10,Monday,9:00 AM,good,"","",""
2022-10-09,October 9,Sunday,9:00 PM,good,"","",""
2022-10-09,October 9,Sunday,9:42 AM,meh,"","",""
2022-10-08,October 8,Saturday,9:07 PM,meh,"","",""
2022-10-08,October 8,Saturday,10:08 AM,good,"","",""
2022-10-07,October 7,Friday,10:11 PM,good,"","",""
2022-10-07,October 7,Friday,9:00 AM,good,"","",""
2022-10-06,October 6,Thursday,9:00 PM,good,"","",""
2022-10-06,October 6,Thursday,9:00 AM,good,"","",""
2022-10-05,October 5,Wednesday,9:01 PM,good,"","",""
2022-10-05,October 5,Wednesday,9:01 AM,good,"","",""
2022-10-04,October 4,Tuesday,9:09 PM,good,"","",""
2022-10-04,October 4,Tuesday,9:00 AM,good,"","",""
2022-10-03,October 3,Monday,9:03 PM,good,"","",""
2022-10-03,October 3,Monday,9:00 AM,good,"","",""
2022-10-02,October 2,Sunday,9:00 PM,good,"","",""
2022-10-02,October 2,Sunday,10:05 AM,good,"","",""
2022-10-01,October 1,Saturday,9:00 PM,good,"","",""
2022-10-01,October 1,Saturday,9:00 AM,good,"","",""
2022-09-30,September 30,Friday,9:36 PM,good,"","",""
2022-09-30,September 30,Friday,10:04 AM,good,"","",""
2022-09-29,September 29,Thursday,9:00 PM,good,"","",""
2022-09-29,September 29,Thursday,9:36 AM,good,"","",""
2022-09-28,September 28,Wednesday,9:00 PM,good,"","",""
2022-09-28,September 28,Wednesday,10:58 AM,good,"","",""
2022-09-27,September 27,Tuesday,9:19 PM,good,"","",""
2022-09-27,September 27,Tuesday,9:02 AM,good,"","",""
2022-09-26,September 26,Monday,9:01 PM,meh,"","",""
2022-09-26,September 26,Monday,9:00 AM,good,"","",""
2022-09-25,September 25,Sunday,9:20 PM,good,"","",""
2022-09-25,September 25,Sunday,12:17 PM,good,"","",""
2022-09-24,September 24,Saturday,9:08 PM,bad,"","",""
2022-09-24,September 24,Saturday,9:16 AM,good,"","",""
2022-09-23,September 23,Friday,9:00 PM,good,"","",""
2022-09-23,September 23,Friday,9:01 AM,good,"","",""
2022-09-22,September 22,Thursday,9:00 PM,good,"","",""
2022-09-22,September 22,Thursday,10:45 AM,good,"","",""
2022-09-21,September 21,Wednesday,9:08 PM,good,"","",""
2022-09-21,September 21,Wednesday,9:04 AM,good,"","",""
2022-09-20,September 20,Tuesday,9:00 PM,good,"","",""
2022-09-20,September 20,Tuesday,9:01 AM,good,"","",""
2022-09-19,September 19,Monday,9:19 PM,good,"","",""
2022-09-19,September 19,Monday,9:16 AM,good,"","",""
2022-09-18,September 18,Sunday,9:00 PM,good,"","",""
2022-09-18,September 18,Sunday,11:18 AM,good,"","",""
2022-09-17,September 17,Saturday,9:16 PM,good,"","",""
2022-09-17,September 17,Saturday,11:06 AM,good,"","",""
2022-09-16,September 16,Friday,9:04 PM,good,"","",""
2022-09-16,September 16,Friday,10:05 AM,good,"","",""
2022-09-15,September 15,Thursday,9:10 PM,meh,"","",""
2022-09-15,September 15,Thursday,9:17 AM,good,"","",""
2022-09-14,September 14,Wednesday,9:00 PM,meh,"","",""
2022-09-14,September 14,Wednesday,9:01 AM,good,"","",""
2022-09-13,September 13,Tuesday,9:00 PM,good,"","",""
2022-09-13,September 13,Tuesday,9:05 AM,good,"","",""
2022-09-12,September 12,Monday,9:00 PM,good,"","",""
2022-09-12,September 12,Monday,9:00 AM,good,"","",""
2022-09-11,September 11,Sunday,9:00 PM,good,"","",""
2022-09-11,September 11,Sunday,11:57 AM,good,"","",""
2022-09-10,September 10,Saturday,9:04 PM,good,"","",""
2022-09-10,September 10,Saturday,10:27 AM,good,"","",""
2022-09-09,September 9,Friday,10:06 PM,good,"","",""
2022-09-08,September 8,Thursday,9:00 PM,meh,"","",""
2022-09-08,September 8,Thursday,10:34 AM,good,"","",""
2022-09-07,September 7,Wednesday,9:08 PM,good,"","",""
2022-09-07,September 7,Wednesday,9:37 AM,good,"","",""
2022-09-06,September 6,Tuesday,9:00 PM,good,"","",""
2022-09-06,September 6,Tuesday,9:01 AM,good,"","",""
2022-09-05,September 5,Monday,9:00 PM,good,"","",""
2022-09-05,September 5,Monday,9:00 AM,good,"","",""
2022-09-04,September 4,Sunday,9:00 PM,good,"","",""
2022-09-04,September 4,Sunday,11:13 AM,good,"","",""
2022-09-03,September 3,Saturday,9:00 PM,good,"","",""
2022-09-03,September 3,Saturday,11:55 AM,good,"","",""
2022-09-02,September 2,Friday,9:57 PM,good,"","",""
2022-09-02,September 2,Friday,9:00 AM,good,"","",""
2022-09-01,September 1,Thursday,9:09 PM,good,"","",""
2022-09-01,September 1,Thursday,9:04 AM,good,"","",""
2022-08-31,August 31,Wednesday,9:10 PM,good,"","",""
2022-08-31,August 31,Wednesday,9:00 AM,good,"","",""
2022-08-30,August 30,Tuesday,9:00 PM,good,"","",""
2022-08-30,August 30,Tuesday,9:29 AM,good,"","",""
2022-08-29,August 29,Monday,9:00 PM,good,"","",""
2022-08-29,August 29,Monday,9:00 AM,good,"","",""
2022-08-28,August 28,Sunday,9:01 PM,good,"","",""
2022-08-28,August 28,Sunday,9:00 AM,good,"","",""
2022-08-27,August 27,Saturday,9:07 PM,good,"","",""
2022-08-27,August 27,Saturday,11:53 AM,good,"","",""
2022-08-26,August 26,Friday,9:04 PM,good,"","",""
2022-08-26,August 26,Friday,9:00 AM,good,"","",""
2022-08-25,August 25,Thursday,9:18 PM,good,"","",""
2022-08-25,August 25,Thursday,9:59 AM,good,"","",""
2022-08-24,August 24,Wednesday,9:13 PM,good,"","",""
2022-08-24,August 24,Wednesday,9:00 AM,good,"","",""
2022-08-23,August 23,Tuesday,9:01 PM,meh,"","",""
2022-08-23,August 23,Tuesday,9:00 AM,meh,"","",""
2022-08-22,August 22,Monday,10:19 PM,good,"","",""
2022-08-22,August 22,Monday,9:06 AM,good,"","",""
2022-08-21,August 21,Sunday,9:53 PM,good,"","",""
2022-08-21,August 21,Sunday,10:20 AM,good,"","",""
2022-08-20,August 20,Saturday,9:00 PM,good,"","",""
2022-08-20,August 20,Saturday,11:04 AM,good,"","",""
2022-08-19,August 19,Friday,9:51 PM,good,"","",""
2022-08-19,August 19,Friday,9:08 AM,good,"","",""
2022-08-18,August 18,Thursday,9:00 PM,good,"","",""
2022-08-18,August 18,Thursday,9:02 AM,good,"","",""
2022-08-17,August 17,Wednesday,9:00 PM,good,"","",""
2022-08-17,August 17,Wednesday,10:21 AM,good,"","",""
2022-08-16,August 16,Tuesday,9:00 PM,good,"","",""
2022-08-16,August 16,Tuesday,9:03 AM,good,"","",""
2022-08-15,August 15,Monday,9:00 PM,good,"","",""
2022-08-15,August 15,Monday,9:06 AM,good,"","",""
2022-08-14,August 14,Sunday,9:00 PM,good,"","",""
2022-08-14,August 14,Sunday,9:18 AM,good,"","",""
2022-08-13,August 13,Saturday,9:29 PM,meh,"","",""
2022-08-13,August 13,Saturday,9:28 AM,good,"","",""
2022-08-12,August 12,Friday,9:44 PM,good,"","",""
2022-08-12,August 12,Friday,9:33 AM,good,"","",""
2022-08-11,August 11,Thursday,9:00 PM,good,"","",""
2022-08-11,August 11,Thursday,9:00 AM,good,"","",""
2022-08-10,August 10,Wednesday,9:00 PM,good,"","",""
2022-08-10,August 10,Wednesday,9:06 AM,good,"","",""
2022-08-09,August 9,Tuesday,9:00 PM,good,"","",""
2022-08-09,August 9,Tuesday,9:00 AM,good,"","",""
2022-08-08,August 8,Monday,9:00 PM,good,"","",""
2022-08-08,August 8,Monday,9:00 AM,good,"","",""
2022-08-07,August 7,Sunday,9:00 PM,good,"","",""
2022-08-07,August 7,Sunday,9:00 AM,good,"","",""
2022-08-06,August 6,Saturday,9:00 PM,good,"","",""
2022-08-06,August 6,Saturday,10:28 AM,good,"","",""
2022-08-05,August 5,Friday,9:28 PM,good,"","",""
2022-08-05,August 5,Friday,9:00 AM,good,"","",""
2022-08-04,August 4,Thursday,9:00 PM,good,"","",""
2022-08-04,August 4,Thursday,9:01 AM,good,"","",""
2022-08-03,August 3,Wednesday,9:03 PM,good,"","",""
2022-08-03,August 3,Wednesday,9:00 AM,good,"","",""
2022-08-02,August 2,Tuesday,9:00 PM,good,"","",""
2022-08-02,August 2,Tuesday,9:00 AM,good,"","",""
2022-08-01,August 1,Monday,9:08 PM,good,"","",""
2022-08-01,August 1,Monday,9:06 AM,good,"","",""
2022-07-31,July 31,Sunday,9:03 PM,good,"","",""
2022-07-31,July 31,Sunday,9:00 AM,good,"","",""
2022-07-30,July 30,Saturday,9:14 PM,good,"","",""
2022-07-30,July 30,Saturday,9:38 AM,good,"","",""
2022-07-29,July 29,Friday,9:00 PM,good,"","",""
2022-07-29,July 29,Friday,9:00 AM,good,"","",""
2022-07-28,July 28,Thursday,9:00 PM,good,"","",""
2022-07-28,July 28,Thursday,9:00 AM,good,"","",""
2022-07-27,July 27,Wednesday,9:00 PM,good,"","",""
2022-07-27,July 27,Wednesday,9:01 AM,good,"","",""
2022-07-26,July 26,Tuesday,9:07 PM,good,"","",""
2022-07-26,July 26,Tuesday,9:00 AM,good,"","",""
2022-07-25,July 25,Monday,9:07 PM,good,"","",""
2022-07-25,July 25,Monday,9:00 AM,good,"","",""
2022-07-24,July 24,Sunday,9:00 PM,good,"","",""
2022-07-24,July 24,Sunday,9:00 AM,good,"","",""
2022-07-23,July 23,Saturday,9:00 PM,good,"","",""
2022-07-23,July 23,Saturday,9:49 AM,good,"","",""
2022-07-22,July 22,Friday,9:00 PM,good,"","",""
2022-07-21,July 21,Thursday,9:00 PM,good,"","",""
2022-07-21,July 21,Thursday,9:00 AM,good,"","",""
2022-07-20,July 20,Wednesday,9:03 PM,good,"","",""
2022-07-20,July 20,Wednesday,9:00 AM,good,"","",""
2022-07-19,July 19,Tuesday,9:01 AM,good,"","",""
2022-07-18,July 18,Monday,9:02 PM,good,"","",""
2022-07-18,July 18,Monday,9:00 AM,good,"bad sleep","",""
2022-07-17,July 17,Sunday,9:00 PM,good,"","",""
2022-07-17,July 17,Sunday,11:12 AM,good,"","",""
2022-07-16,July 16,Saturday,9:00 PM,good,"","",""
2022-07-16,July 16,Saturday,11:19 AM,good,"","",""
2022-07-15,July 15,Friday,10:24 PM,good,"","",""
2022-07-15,July 15,Friday,9:05 AM,good,"","",""
2022-07-14,July 14,Thursday,9:06 PM,good,"","",""
2022-07-14,July 14,Thursday,9:00 AM,good,"","",""
2022-07-13,July 13,Wednesday,9:00 PM,good,"","",""
2022-07-13,July 13,Wednesday,10:09 AM,good,"","",""
2022-07-12,July 12,Tuesday,9:00 PM,good,"","",""
2022-07-12,July 12,Tuesday,9:00 AM,good,"","",""
2022-07-11,July 11,Monday,9:00 PM,good,"","",""
2022-07-11,July 11,Monday,9:00 AM,good,"","",""
2022-07-10,July 10,Sunday,9:00 PM,good,"","",""
2022-07-10,July 10,Sunday,10:35 AM,good,"","",""
2022-07-09,July 9,Saturday,9:23 PM,good,"","",""
2022-07-09,July 9,Saturday,12:25 PM,good,"","",""
2022-07-08,July 8,Friday,11:44 PM,good,"","",""
2022-07-08,July 8,Friday,9:08 AM,good,"","",""
2022-07-07,July 7,Thursday,9:00 PM,good,"","",""
2022-07-07,July 7,Thursday,9:00 AM,good,"","",""
2022-07-06,July 6,Wednesday,9:00 PM,good,"","",""
2022-07-06,July 6,Wednesday,9:08 AM,good,"","",""
2022-07-05,July 5,Tuesday,9:00 PM,good,"","",""
2022-07-05,July 5,Tuesday,9:04 AM,good,"","",""
2022-07-04,July 4,Monday,9:14 PM,good,"","",""
2022-07-04,July 4,Monday,10:39 AM,good,"","",""
2022-07-03,July 3,Sunday,9:24 PM,good,"","",""
2022-07-03,July 3,Sunday,12:18 PM,good,"","",""
2022-07-02,July 2,Saturday,9:03 PM,good,"","",""
2022-07-02,July 2,Saturday,10:51 AM,good,"","",""
2022-07-01,July 1,Friday,9:00 PM,good,"","",""
2022-07-01,July 1,Friday,9:06 AM,good,"","",""
2022-06-30,June 30,Thursday,9:08 PM,good,"","",""
2022-06-30,June 30,Thursday,9:13 AM,good,"","",""
2022-06-29,June 29,Wednesday,9:13 PM,good,"","",""
2022-06-29,June 29,Wednesday,9:00 AM,good,"","",""
2022-06-28,June 28,Tuesday,9:00 PM,good,"","",""
2022-06-28,June 28,Tuesday,9:00 AM,good,"","",""
2022-06-27,June 27,Monday,9:00 PM,good,"","",""
2022-06-27,June 27,Monday,9:00 AM,good,"","",""
2022-06-26,June 26,Sunday,9:10 PM,good,"","",""
2022-06-26,June 26,Sunday,11:37 AM,good,"","",""
2022-06-25,June 25,Saturday,9:00 PM,good,"","",""
2022-06-25,June 25,Saturday,10:59 AM,good,"","",""
2022-06-24,June 24,Friday,10:15 PM,good,"","",""
2022-06-24,June 24,Friday,9:07 AM,good,"","",""
2022-06-23,June 23,Thursday,10:53 PM,good,"","",""
2022-06-23,June 23,Thursday,9:16 AM,good,"","",""
2022-06-22,June 22,Wednesday,9:02 PM,good,"","",""
2022-06-22,June 22,Wednesday,9:00 AM,good,"","",""
2022-06-21,June 21,Tuesday,9:00 PM,good,"","",""
2022-06-21,June 21,Tuesday,9:31 AM,good,"","",""
2022-06-20,June 20,Monday,9:34 PM,good,"","",""
2022-06-20,June 20,Monday,10:34 AM,good,"","",""
2022-06-19,June 19,Sunday,9:50 PM,good,"","",""
2022-06-19,June 19,Sunday,9:25 AM,good,"","",""
2022-06-18,June 18,Saturday,9:00 PM,good,"","",""
2022-06-18,June 18,Saturday,11:53 AM,good,"","",""
2022-06-17,June 17,Friday,9:43 PM,good,"","",""
2022-06-17,June 17,Friday,11:16 AM,good,"","",""
2022-06-16,June 16,Thursday,9:48 PM,good,"","",""
2022-06-16,June 16,Thursday,9:00 AM,good,"","",""
2022-06-15,June 15,Wednesday,9:00 PM,good,"","",""
2022-06-15,June 15,Wednesday,9:38 AM,good,"","",""
2022-06-14,June 14,Tuesday,9:43 PM,good,"","",""
2022-06-14,June 14,Tuesday,9:00 AM,good,"","",""
2022-06-13,June 13,Monday,9:00 PM,good,"","",""
2022-06-13,June 13,Monday,9:43 AM,good,"","",""
2022-06-12,June 12,Sunday,9:00 PM,good,"","",""
2022-06-12,June 12,Sunday,9:12 AM,good,"","",""
2022-06-11,June 11,Saturday,9:10 PM,good,"","",""
2022-06-11,June 11,Saturday,9:00 AM,good,"","",""
2022-06-10,June 10,Friday,10:52 PM,good,"","",""
2022-06-10,June 10,Friday,9:00 AM,good,"","",""
2022-06-09,June 9,Thursday,9:00 AM,good,"","",""
2022-06-08,June 8,Wednesday,9:00 PM,good,"","",""
2022-06-08,June 8,Wednesday,9:13 AM,good,"","",""
2022-06-07,June 7,Tuesday,9:00 PM,good,"","",""
2022-06-07,June 7,Tuesday,9:32 AM,good,"","",""
2022-06-06,June 6,Monday,9:00 PM,good,"","",""
2022-06-06,June 6,Monday,9:45 AM,good,"","",""
2022-06-05,June 5,Sunday,9:00 PM,good,"","",""
2022-06-05,June 5,Sunday,10:08 AM,good,"","",""
2022-06-04,June 4,Saturday,9:00 PM,meh,"","",""
2022-06-04,June 4,Saturday,11:52 AM,meh,"","",""
2022-06-03,June 3,Friday,9:00 PM,meh,"","",""
2022-06-03,June 3,Friday,9:00 AM,meh,"","",""
2022-06-02,June 2,Thursday,9:00 PM,awful,"","","Got fired"
2022-06-02,June 2,Thursday,9:00 AM,good,"","",""
2022-06-01,June 1,Wednesday,9:09 PM,good,"","",""
2022-06-01,June 1,Wednesday,9:01 AM,good,"","",""
2022-05-31,May 31,Tuesday,10:17 PM,good,"","",""
2022-05-31,May 31,Tuesday,9:21 AM,good,"","",""
2022-05-30,May 30,Monday,9:00 PM,good,"","",""
2022-05-30,May 30,Monday,9:05 AM,good,"","",""
2022-05-29,May 29,Sunday,9:01 PM,good,"","",""
2022-05-29,May 29,Sunday,9:35 AM,good,"","",""
2022-05-28,May 28,Saturday,10:50 PM,good,"","",""
2022-05-28,May 28,Saturday,9:10 AM,good,"","",""
2022-05-27,May 27,Friday,10:21 PM,good,"","",""
2022-05-27,May 27,Friday,9:08 AM,good,"","",""
2022-05-26,May 26,Thursday,9:00 PM,good,"","",""
2022-05-26,May 26,Thursday,9:00 AM,good,"","",""
2022-05-25,May 25,Wednesday,9:00 PM,good,"","",""
2022-05-25,May 25,Wednesday,9:00 AM,good,"","",""
2022-05-24,May 24,Tuesday,9:00 PM,good,"medium sleep","",""
2022-05-24,May 24,Tuesday,9:38 AM,good,"","",""
2022-05-23,May 23,Monday,9:00 PM,meh,"","",""
2022-05-23,May 23,Monday,9:00 AM,good,"","",""
2022-05-22,May 22,Sunday,9:00 PM,good,"","",""
2022-05-22,May 22,Sunday,9:00 AM,good,"","",""
2022-05-21,May 21,Saturday,9:01 PM,good,"","",""
2022-05-21,May 21,Saturday,9:00 AM,good,"","",""
2022-05-20,May 20,Friday,9:00 PM,good,"","",""
2022-05-20,May 20,Friday,9:24 AM,good,"bad sleep","",""
2022-05-19,May 19,Thursday,11:18 PM,rad,"","",""
2022-05-19,May 19,Thursday,9:00 AM,meh,"","",""
2022-05-18,May 18,Wednesday,9:01 PM,meh,"","",""
2022-05-18,May 18,Wednesday,9:00 AM,good,"","",""
2022-05-17,May 17,Tuesday,9:00 PM,good,"","",""
2022-05-17,May 17,Tuesday,9:00 AM,good,"","",""
2022-05-16,May 16,Monday,9:00 PM,good,"","",""
2022-05-16,May 16,Monday,9:00 AM,good,"","",""
2022-05-15,May 15,Sunday,9:00 PM,bad,"","","Got caught hopping a turnstile"
2022-05-15,May 15,Sunday,10:45 AM,good,"","",""
2022-05-14,May 14,Saturday,9:54 PM,good,"","",""
2022-05-14,May 14,Saturday,9:05 AM,good,"","",""
2022-05-13,May 13,Friday,10:10 PM,good,"","",""
2022-05-13,May 13,Friday,9:03 AM,good,"","",""
2022-05-12,May 12,Thursday,9:00 PM,good,"","",""
2022-05-12,May 12,Thursday,9:01 AM,good,"","",""
2022-05-11,May 11,Wednesday,9:00 PM,good,"","",""
2022-05-11,May 11,Wednesday,9:00 AM,good,"","",""
2022-05-10,May 10,Tuesday,9:01 PM,good,"","",""
2022-05-10,May 10,Tuesday,9:00 AM,good,"","",""
2022-05-09,May 9,Monday,9:02 PM,good,"","",""
2022-05-09,May 9,Monday,9:00 AM,good,"","",""
2022-05-08,May 8,Sunday,9:00 PM,good,"","",""
2022-05-08,May 8,Sunday,10:01 AM,good,"","",""
2022-05-07,May 7,Saturday,9:00 PM,good,"","",""
2022-05-07,May 7,Saturday,9:10 AM,good,"","",""
2022-05-06,May 6,Friday,9:18 PM,good,"","",""
2022-05-06,May 6,Friday,9:00 AM,good,"","",""
2022-05-05,May 5,Thursday,9:42 PM,good,"","",""
2022-05-05,May 5,Thursday,9:16 AM,good,"","",""
2022-05-04,May 4,Wednesday,10:16 PM,good,"","",""
2022-05-04,May 4,Wednesday,9:00 AM,good,"","",""
2022-05-03,May 3,Tuesday,9:10 PM,good,"","",""
2022-05-03,May 3,Tuesday,9:00 AM,good,"","",""
2022-05-02,May 2,Monday,9:09 PM,good,"","",""
2022-05-02,May 2,Monday,9:20 AM,good,"","",""
2022-05-01,May 1,Sunday,9:00 PM,good,"","",""
2022-05-01,May 1,Sunday,9:57 AM,good,"","",""
2022-04-30,April 30,Saturday,9:00 PM,good,"","",""
2022-04-30,April 30,Saturday,11:08 AM,good,"","",""
2022-04-29,April 29,Friday,10:01 PM,good,"","",""
2022-04-29,April 29,Friday,9:00 AM,good,"","",""
2022-04-28,April 28,Thursday,9:03 PM,good,"","",""
2022-04-28,April 28,Thursday,9:03 AM,good,"","",""
2022-04-27,April 27,Wednesday,9:01 PM,good,"","",""
2022-04-27,April 27,Wednesday,9:00 AM,good,"","",""
2022-04-26,April 26,Tuesday,9:24 PM,good,"","",""
2022-04-26,April 26,Tuesday,9:00 AM,good,"","",""
2022-04-25,April 25,Monday,9:05 PM,good,"","",""
2022-04-25,April 25,Monday,9:00 AM,good,"","",""
2022-04-24,April 24,Sunday,9:00 PM,good,"","",""
2022-04-24,April 24,Sunday,9:14 AM,good,"","",""
2022-04-23,April 23,Saturday,9:23 PM,good,"","",""
2022-04-23,April 23,Saturday,9:00 AM,good,"","",""
2022-04-22,April 22,Friday,9:00 PM,good,"","",""
2022-04-22,April 22,Friday,9:28 AM,good,"","",""
2022-04-21,April 21,Thursday,9:00 PM,good,"","",""
2022-04-21,April 21,Thursday,9:00 AM,good,"","",""
2022-04-20,April 20,Wednesday,9:00 AM,good,"","",""
2022-04-19,April 19,Tuesday,9:05 PM,good,"","",""
2022-04-19,April 19,Tuesday,9:00 AM,good,"","",""
2022-04-18,April 18,Monday,9:11 PM,good,"bad sleep","",""
2022-04-18,April 18,Monday,9:00 AM,good,"","",""
2022-04-17,April 17,Sunday,9:00 PM,good,"","",""
2022-04-17,April 17,Sunday,9:02 AM,good,"","",""
2022-04-16,April 16,Saturday,9:00 PM,good,"","",""
2022-04-15,April 15,Friday,9:00 PM,good,"","",""
2022-04-15,April 15,Friday,9:02 AM,good,"","",""
2022-04-14,April 14,Thursday,9:25 PM,good,"","",""
2022-04-14,April 14,Thursday,9:09 AM,good,"","",""
2022-04-13,April 13,Wednesday,9:35 AM,good,"","",""
2022-04-12,April 12,Tuesday,9:00 PM,good,"","",""
2022-04-12,April 12,Tuesday,9:00 AM,good,"","",""
2022-04-11,April 11,Monday,9:02 PM,good,"","",""
2022-04-11,April 11,Monday,9:39 AM,good,"","",""
2022-04-10,April 10,Sunday,9:06 PM,good,"","",""
2022-04-10,April 10,Sunday,9:00 AM,good,"","",""
2022-04-09,April 9,Saturday,11:36 PM,good,"","",""
2022-04-09,April 9,Saturday,9:00 AM,good,"","",""
2022-04-08,April 8,Friday,10:21 PM,good,"","",""
2022-04-08,April 8,Friday,9:00 AM,good,"","",""
2022-04-07,April 7,Thursday,9:02 PM,good,"","",""
2022-04-07,April 7,Thursday,9:57 AM,good,"","",""
2022-04-06,April 6,Wednesday,9:00 PM,good,"","",""
2022-04-06,April 6,Wednesday,9:05 AM,good,"","",""
2022-04-05,April 5,Tuesday,9:00 PM,good,"","",""
2022-04-05,April 5,Tuesday,9:00 AM,good,"","",""
2022-04-04,April 4,Monday,9:00 PM,good,"","",""
2022-04-04,April 4,Monday,9:00 AM,good,"","",""
2022-04-03,April 3,Sunday,9:01 PM,good,"","",""
2022-04-03,April 3,Sunday,9:17 AM,good,"","",""
2022-04-02,April 2,Saturday,9:08 PM,good,"","",""
2022-04-02,April 2,Saturday,9:10 AM,good,"","",""
2022-04-01,April 1,Friday,9:00 PM,good,"","",""
2022-04-01,April 1,Friday,9:00 AM,good,"","",""
2022-03-31,March 31,Thursday,9:04 PM,good,"","",""
2022-03-31,March 31,Thursday,9:00 AM,good,"","",""
2022-03-30,March 30,Wednesday,9:34 PM,good,"","",""
2022-03-30,March 30,Wednesday,9:00 AM,good,"","",""
2022-03-29,March 29,Tuesday,9:00 PM,good,"","",""
2022-03-29,March 29,Tuesday,9:00 AM,good,"","",""
2022-03-28,March 28,Monday,9:05 PM,good,"","",""
2022-03-28,March 28,Monday,9:00 AM,good,"","",""
2022-03-27,March 27,Sunday,9:02 PM,good,"","",""
2022-03-27,March 27,Sunday,9:23 AM,good,"","",""
2022-03-26,March 26,Saturday,9:00 PM,good,"","",""
2022-03-26,March 26,Saturday,10:19 AM,good,"","",""
2022-03-25,March 25,Friday,9:00 PM,good,"","",""
2022-03-25,March 25,Friday,9:00 AM,good,"","",""
2022-03-24,March 24,Thursday,9:37 PM,good,"","",""
2022-03-24,March 24,Thursday,9:00 AM,meh,"","",""
2022-03-23,March 23,Wednesday,9:00 PM,good,"","",""
2022-03-23,March 23,Wednesday,9:00 AM,good,"","",""
2022-03-22,March 22,Tuesday,11:22 AM,good,"","",""
2022-03-21,March 21,Monday,9:00 PM,good,"","",""
2022-03-21,March 21,Monday,9:00 AM,good,"","",""
2022-03-20,March 20,Sunday,9:00 PM,good,"","",""
2022-03-20,March 20,Sunday,10:17 AM,good,"","",""
2022-03-19,March 19,Saturday,9:00 PM,good,"","",""
2022-03-19,March 19,Saturday,9:08 AM,good,"","",""
2022-03-18,March 18,Friday,9:00 PM,good,"","",""
2022-03-18,March 18,Friday,9:00 AM,good,"","",""
2022-03-17,March 17,Thursday,9:00 PM,good,"","",""
2022-03-17,March 17,Thursday,9:00 AM,good,"","",""
2022-03-16,March 16,Wednesday,9:00 PM,good,"","",""
2022-03-16,March 16,Wednesday,9:00 AM,good,"","",""
2022-03-15,March 15,Tuesday,9:00 PM,good,"","",""
2022-03-15,March 15,Tuesday,9:00 AM,good,"","",""
2022-03-14,March 14,Monday,9:00 PM,good,"","",""
2022-03-14,March 14,Monday,9:00 AM,good,"","",""
2022-03-13,March 13,Sunday,9:00 PM,good,"","",""
2022-03-13,March 13,Sunday,10:28 AM,good,"","",""
2022-03-12,March 12,Saturday,9:00 PM,good,"","",""
2022-03-12,March 12,Saturday,9:02 AM,good,"","",""
2022-03-11,March 11,Friday,9:00 PM,good,"","",""
2022-03-11,March 11,Friday,9:00 AM,good,"","",""
2022-03-10,March 10,Thursday,9:00 PM,good,"","",""
2022-03-10,March 10,Thursday,9:00 AM,good,"","",""
2022-03-09,March 9,Wednesday,9:00 PM,good,"","",""
2022-03-09,March 9,Wednesday,9:00 AM,good,"","",""
2022-03-08,March 8,Tuesday,9:17 PM,good,"","",""
2022-03-08,March 8,Tuesday,9:00 AM,good,"","",""
2022-03-07,March 7,Monday,9:00 PM,good,"","",""
2022-03-07,March 7,Monday,9:00 AM,good,"","",""
2022-03-06,March 6,Sunday,10:34 PM,good,"","",""
2022-03-06,March 6,Sunday,9:17 AM,good,"","",""
2022-03-05,March 5,Saturday,9:00 PM,good,"","",""
2022-03-05,March 5,Saturday,9:57 AM,good,"","",""
2022-03-04,March 4,Friday,9:00 PM,good,"","",""
2022-03-04,March 4,Friday,9:00 AM,good,"","",""
2022-03-03,March 3,Thursday,9:00 PM,good,"","",""
2022-03-03,March 3,Thursday,9:26 AM,good,"","",""
2022-03-02,March 2,Wednesday,9:00 PM,good,"","",""
2022-03-02,March 2,Wednesday,9:00 AM,good,"","",""
2022-03-01,March 1,Tuesday,9:01 PM,meh,"","",""
2022-03-01,March 1,Tuesday,9:00 AM,good,"","",""
2022-02-28,February 28,Monday,9:00 PM,good,"","",""
2022-02-28,February 28,Monday,9:00 AM,good,"","",""
2022-02-27,February 27,Sunday,9:00 PM,good,"","",""
2022-02-27,February 27,Sunday,11:30 AM,good,"","",""
2022-02-26,February 26,Saturday,9:00 PM,meh,"","",""
2022-02-26,February 26,Saturday,11:47 AM,good,"","",""
2022-02-25,February 25,Friday,9:00 PM,good,"","",""
2022-02-25,February 25,Friday,9:00 AM,good,"","",""
2022-02-24,February 24,Thursday,9:00 PM,good,"","",""
2022-02-24,February 24,Thursday,9:00 AM,good,"","",""
2022-02-23,February 23,Wednesday,9:00 PM,good,"","",""
2022-02-23,February 23,Wednesday,9:00 AM,good,"","",""
2022-02-22,February 22,Tuesday,9:03 PM,good,"","",""
2022-02-22,February 22,Tuesday,9:00 AM,good,"","",""
2022-02-21,February 21,Monday,9:00 PM,good,"","",""
2022-02-21,February 21,Monday,9:00 AM,good,"","",""
2022-02-20,February 20,Sunday,9:48 PM,good,"","",""
2022-02-20,February 20,Sunday,10:58 AM,good,"","",""
2022-02-19,February 19,Saturday,9:00 PM,meh,"","",""
2022-02-19,February 19,Saturday,9:04 AM,good,"","",""
2022-02-18,February 18,Friday,9:01 PM,good,"","",""
2022-02-18,February 18,Friday,9:00 AM,good,"","",""
2022-02-17,February 17,Thursday,9:00 PM,meh,"","",""
2022-02-17,February 17,Thursday,9:02 AM,good,"","",""
2022-02-16,February 16,Wednesday,9:00 AM,good,"","",""
2022-02-15,February 15,Tuesday,9:00 PM,good,"","",""
2022-02-15,February 15,Tuesday,9:01 AM,good,"","",""
2022-02-14,February 14,Monday,9:01 PM,good,"","",""
2022-02-14,February 14,Monday,9:06 AM,good,"","",""
2022-02-13,February 13,Sunday,9:00 PM,meh,"","",""
2022-02-13,February 13,Sunday,9:00 AM,meh,"","",""
2022-02-13,February 13,Sunday,7:38 AM,good,"","",""
2022-02-12,February 12,Saturday,9:00 AM,meh,"","",""
2022-02-11,February 11,Friday,9:00 PM,meh,"","",""
2022-02-11,February 11,Friday,9:00 AM,meh,"","",""
2022-02-10,February 10,Thursday,9:00 PM,meh,"","",""
2022-02-10,February 10,Thursday,9:00 AM,good,"good sleep","",""
2022-02-09,February 9,Wednesday,9:07 PM,meh,"","",""
2022-02-09,February 9,Wednesday,9:01 AM,meh,"bad sleep","",""
2022-02-08,February 8,Tuesday,9:00 AM,good,"","",""
2022-02-07,February 7,Monday,9:00 PM,good,"","",""
2022-02-07,February 7,Monday,9:01 AM,good,"bad sleep","",""
2022-02-06,February 6,Sunday,9:00 PM,good,"","",""
2022-02-06,February 6,Sunday,9:00 AM,good,"","",""
2022-02-05,February 5,Saturday,9:07 PM,good,"","",""
2022-02-05,February 5,Saturday,9:58 AM,good,"medium sleep","",""
2022-02-04,February 4,Friday,9:00 PM,good,"","",""
2022-02-04,February 4,Friday,9:12 AM,good,"good sleep","",""
2022-02-03,February 3,Thursday,9:00 PM,meh,"","",""
2022-02-03,February 3,Thursday,9:03 AM,good,"","",""
2022-02-02,February 2,Wednesday,9:00 PM,good,"","",""
2022-02-02,February 2,Wednesday,9:02 AM,good,"medium sleep","",""
2022-02-01,February 1,Tuesday,10:55 PM,good,"","",""
2022-01-31,January 31,Monday,9:23 PM,good,"","",""
2022-01-31,January 31,Monday,9:04 AM,good,"","",""
2022-01-30,January 30,Sunday,9:01 PM,meh,"","",""
2022-01-30,January 30,Sunday,9:52 AM,good,"","",""
2022-01-29,January 29,Saturday,9:00 PM,good,"","",""
2022-01-29,January 29,Saturday,10:07 AM,good,"","",""
2022-01-28,January 28,Friday,10:38 PM,good,"","",""
2022-01-28,January 28,Friday,9:00 AM,good,"medium sleep","",""
2022-01-27,January 27,Thursday,9:00 PM,good,"","",""
2022-01-27,January 27,Thursday,9:09 AM,meh,"","",""
2022-01-26,January 26,Wednesday,9:00 PM,good,"","",""
2022-01-26,January 26,Wednesday,9:00 AM,meh,"","",""
2022-01-25,January 25,Tuesday,9:00 PM,meh,"","",""
2022-01-25,January 25,Tuesday,9:00 AM,meh,"","",""
2022-01-24,January 24,Monday,9:00 PM,meh,"","",""
2022-01-24,January 24,Monday,9:00 AM,meh,"bad sleep","",""
2022-01-23,January 23,Sunday,9:00 PM,meh,"","",""
2022-01-23,January 23,Sunday,10:02 AM,good,"","",""
2022-01-22,January 22,Saturday,9:21 PM,meh,"","",""
2022-01-22,January 22,Saturday,9:35 AM,good,"","",""
2022-01-21,January 21,Friday,9:00 PM,good,"","",""
2022-01-21,January 21,Friday,9:01 AM,good,"","",""
2022-01-20,January 20,Thursday,9:28 PM,good,"","",""
2022-01-20,January 20,Thursday,9:21 AM,good,"bad sleep","",""
2022-01-19,January 19,Wednesday,9:00 PM,good,"","",""
2022-01-19,January 19,Wednesday,9:14 AM,meh,"bad sleep","",""
2022-01-18,January 18,Tuesday,9:06 PM,good,"","",""
2022-01-18,January 18,Tuesday,9:28 AM,good,"bad sleep","",""
2022-01-17,January 17,Monday,9:13 PM,good,"","",""
2022-01-17,January 17,Monday,10:49 AM,good,"","",""
2022-01-16,January 16,Sunday,9:00 PM,meh,"","",""
2022-01-16,January 16,Sunday,10:05 AM,meh,"","",""
2022-01-15,January 15,Saturday,9:00 PM,meh,"","",""
2022-01-15,January 15,Saturday,9:00 AM,good,"","",""
2022-01-14,January 14,Friday,10:56 PM,meh,"","",""
2022-01-14,January 14,Friday,9:00 AM,meh,"","",""
2022-01-13,January 13,Thursday,9:00 PM,meh,"","",""
2022-01-13,January 13,Thursday,9:12 AM,good,"","",""
2022-01-12,January 12,Wednesday,9:31 PM,good,"","",""
2022-01-12,January 12,Wednesday,9:00 AM,good,"","",""
2022-01-11,January 11,Tuesday,9:00 PM,meh,"","",""
2022-01-11,January 11,Tuesday,9:07 AM,meh,"bad sleep","",""
2022-01-10,January 10,Monday,9:00 PM,meh,"","",""
2022-01-10,January 10,Monday,9:00 AM,meh,"","",""
2022-01-09,January 9,Sunday,9:00 PM,meh,"","",""
2022-01-09,January 9,Sunday,10:18 AM,meh,"","",""
2022-01-08,January 8,Saturday,9:35 PM,good,"","",""
2022-01-08,January 8,Saturday,9:00 AM,meh,"","",""
2022-01-07,January 7,Friday,9:00 PM,meh,"","",""
2022-01-07,January 7,Friday,9:01 AM,meh,"","",""
2022-01-06,January 6,Thursday,9:00 PM,good,"","",""
2022-01-06,January 6,Thursday,9:00 AM,good,"","",""
2022-01-05,January 5,Wednesday,9:00 PM,good,"","",""
2022-01-05,January 5,Wednesday,9:00 AM,meh,"","",""
2022-01-04,January 4,Tuesday,9:00 PM,good,"","",""
2022-01-04,January 4,Tuesday,9:00 AM,good,"","",""
2022-01-03,January 3,Monday,9:00 PM,meh,"","",""
2022-01-03,January 3,Monday,9:10 AM,meh,"","",""
2022-01-02,January 2,Sunday,9:00 PM,meh,"","",""
2022-01-02,January 2,Sunday,10:00 AM,good,"","",""
2022-01-01,January 1,Saturday,9:00 PM,meh,"","",""
2022-01-01,January 1,Saturday,11:22 AM,good,"","",""
2021-12-31,December 31,Friday,9:00 PM,meh,"","",""
2021-12-31,December 31,Friday,10:04 AM,meh,"","",""
2021-12-30,December 30,Thursday,9:00 PM,meh,"","",""
2021-12-30,December 30,Thursday,9:00 AM,meh,"","",""
2021-12-29,December 29,Wednesday,9:01 PM,meh,"","",""
2021-12-29,December 29,Wednesday,9:00 AM,good,"","",""
2021-12-28,December 28,Tuesday,9:00 PM,meh,"","",""
2021-12-28,December 28,Tuesday,9:00 AM,meh,"","",""
2021-12-27,December 27,Monday,9:00 PM,meh,"","",""
2021-12-27,December 27,Monday,9:00 AM,good,"","",""
2021-12-26,December 26,Sunday,9:00 PM,meh,"","",""
2021-12-26,December 26,Sunday,9:03 AM,good,"","",""
2021-12-25,December 25,Saturday,9:00 PM,meh,"","",""
2021-12-25,December 25,Saturday,10:16 AM,good,"","",""
2021-12-24,December 24,Friday,9:00 PM,bad,"","",""
2021-12-24,December 24,Friday,11:20 AM,good,"","",""
2021-12-23,December 23,Thursday,9:00 PM,meh,"","",""
2021-12-23,December 23,Thursday,9:00 AM,good,"","",""
2021-12-22,December 22,Wednesday,9:00 PM,meh,"","",""
2021-12-22,December 22,Wednesday,9:00 AM,good,"","",""
2021-12-21,December 21,Tuesday,9:00 PM,meh,"","",""
2021-12-21,December 21,Tuesday,9:00 AM,good,"","",""
2021-12-20,December 20,Monday,9:23 PM,meh,"","",""
2021-12-20,December 20,Monday,9:00 AM,good,"","",""
2021-12-19,December 19,Sunday,9:07 PM,good,"","",""
2021-12-19,December 19,Sunday,9:13 AM,good,"","",""
2021-12-18,December 18,Saturday,9:01 PM,good,"","",""
2021-12-18,December 18,Saturday,10:22 AM,good,"","",""
2021-12-17,December 17,Friday,9:00 PM,good,"","",""
2021-12-17,December 17,Friday,9:00 AM,good,"","",""
2021-12-16,December 16,Thursday,9:00 PM,good,"","",""
2021-12-16,December 16,Thursday,9:00 AM,good,"","",""
2021-12-15,December 15,Wednesday,9:10 PM,good,"","",""
2021-12-15,December 15,Wednesday,9:12 AM,good,"","",""
2021-12-14,December 14,Tuesday,9:00 PM,good,"","",""
2021-12-14,December 14,Tuesday,9:00 AM,good,"","",""
2021-12-13,December 13,Monday,12:47 PM,good,"","",""
2021-12-12,December 12,Sunday,9:00 PM,meh,"","",""
2021-12-12,December 12,Sunday,9:00 AM,good,"","",""
2021-12-11,December 11,Saturday,9:00 PM,meh,"","",""
2021-12-11,December 11,Saturday,9:00 AM,good,"","",""
2021-12-10,December 10,Friday,9:00 PM,good,"","",""
2021-12-10,December 10,Friday,9:50 AM,good,"","",""
2021-12-09,December 9,Thursday,9:12 PM,good,"","",""
2021-12-09,December 9,Thursday,9:04 AM,good,"","",""
2021-12-08,December 8,Wednesday,9:34 PM,good,"","",""
2021-12-08,December 8,Wednesday,9:00 AM,good,"","",""
2021-12-07,December 7,Tuesday,9:00 PM,meh,"","",""
2021-12-07,December 7,Tuesday,9:00 AM,good,"","",""
2021-12-06,December 6,Monday,9:00 PM,meh,"","",""
2021-12-06,December 6,Monday,9:21 AM,good,"","",""
2021-12-05,December 5,Sunday,9:00 PM,meh,"","",""
2021-12-05,December 5,Sunday,11:27 AM,meh,"","",""
2021-12-04,December 4,Saturday,9:00 PM,meh,"","",""
2021-12-04,December 4,Saturday,9:51 AM,good,"","",""
2021-12-03,December 3,Friday,9:00 PM,good,"","",""
2021-12-03,December 3,Friday,9:40 AM,good,"","",""
2021-12-02,December 2,Thursday,9:13 PM,good,"","",""
2021-12-02,December 2,Thursday,9:53 AM,good,"","",""
2021-12-01,December 1,Wednesday,9:00 PM,good,"","",""
2021-12-01,December 1,Wednesday,9:00 AM,good,"","",""
2021-11-30,November 30,Tuesday,9:00 PM,good,"","",""
2021-11-30,November 30,Tuesday,9:42 AM,good,"","",""
2021-11-29,November 29,Monday,9:00 PM,good,"","",""
2021-11-29,November 29,Monday,9:00 AM,good,"","",""
2021-11-28,November 28,Sunday,9:00 PM,good,"","",""
2021-11-28,November 28,Sunday,10:00 AM,good,"","",""
2021-11-27,November 27,Saturday,11:54 AM,good,"","",""
2021-11-26,November 26,Friday,9:00 PM,good,"","",""
2021-11-26,November 26,Friday,9:03 AM,good,"","",""
2021-11-25,November 25,Thursday,9:02 PM,good,"","",""
2021-11-25,November 25,Thursday,10:42 AM,good,"","",""
2021-11-24,November 24,Wednesday,9:00 PM,good,"","",""
2021-11-24,November 24,Wednesday,12:30 PM,good,"","",""
2021-11-23,November 23,Tuesday,9:00 PM,good,"","",""
2021-11-23,November 23,Tuesday,10:23 AM,good,"","",""
2021-11-22,November 22,Monday,9:00 PM,good,"","",""
2021-11-22,November 22,Monday,12:21 PM,good,"","",""
2021-11-21,November 21,Sunday,9:00 PM,meh,"","",""
2021-11-21,November 21,Sunday,9:03 AM,meh,"","",""
2021-11-20,November 20,Saturday,10:36 PM,meh,"","",""
2021-11-20,November 20,Saturday,9:00 AM,good,"","",""
2021-11-19,November 19,Friday,9:00 PM,good,"","",""
2021-11-19,November 19,Friday,9:00 AM,good,"","",""
2021-11-18,November 18,Thursday,9:00 PM,good,"","",""
2021-11-18,November 18,Thursday,9:00 AM,good,"","",""
2021-11-17,November 17,Wednesday,9:00 PM,good,"","",""
2021-11-17,November 17,Wednesday,9:00 AM,good,"","",""
2021-11-16,November 16,Tuesday,9:00 PM,good,"","",""
2021-11-16,November 16,Tuesday,9:00 AM,good,"","",""
2021-11-15,November 15,Monday,9:00 PM,good,"","",""
2021-11-15,November 15,Monday,9:00 AM,good,"","",""
2021-11-14,November 14,Sunday,9:06 PM,good,"","",""
2021-11-14,November 14,Sunday,9:33 AM,good,"","",""
2021-11-13,November 13,Saturday,9:00 PM,good,"","",""
2021-11-13,November 13,Saturday,9:00 AM,good,"","",""
2021-11-12,November 12,Friday,9:00 PM,good,"","",""
2021-11-12,November 12,Friday,10:09 AM,good,"","",""
2021-11-11,November 11,Thursday,9:00 PM,good,"","",""
2021-11-11,November 11,Thursday,9:00 AM,meh,"","",""
2021-11-10,November 10,Wednesday,9:00 PM,good,"","",""
2021-11-10,November 10,Wednesday,9:00 AM,good,"","",""
2021-11-09,November 9,Tuesday,9:00 PM,good,"","",""
2021-11-09,November 9,Tuesday,9:00 AM,meh,"","",""
2021-11-08,November 8,Monday,9:00 PM,good,"","",""
2021-11-08,November 8,Monday,1:02 PM,good,"","",""
2021-11-07,November 7,Sunday,9:00 PM,good,"","",""
2021-11-07,November 7,Sunday,9:47 AM,good,"","",""
2021-11-06,November 6,Saturday,9:00 PM,good,"","",""
2021-11-06,November 6,Saturday,9:00 AM,good,"","",""
2021-11-05,November 5,Friday,9:00 PM,good,"","",""
2021-11-05,November 5,Friday,9:00 AM,good,"","",""
2021-11-04,November 4,Thursday,9:00 PM,good,"","",""
2021-11-04,November 4,Thursday,9:00 AM,good,"","",""
2021-11-03,November 3,Wednesday,9:00 PM,meh,"","",""
2021-11-03,November 3,Wednesday,9:00 AM,bad,"","",""
2021-11-02,November 2,Tuesday,9:00 PM,meh,"","",""
2021-11-02,November 2,Tuesday,9:00 AM,meh,"bad sleep","",""
2021-11-01,November 1,Monday,9:31 PM,meh,"","",""
2021-10-31,October 31,Sunday,9:00 PM,meh,"","",""
2021-10-31,October 31,Sunday,9:00 AM,meh,"","",""
2021-10-30,October 30,Saturday,9:52 PM,meh,"","",""
2021-10-30,October 30,Saturday,10:19 AM,meh,"","",""
2021-10-29,October 29,Friday,9:00 PM,meh,"","",""
2021-10-29,October 29,Friday,9:00 AM,meh,"","",""
2021-10-28,October 28,Thursday,9:00 PM,meh,"","",""
2021-10-28,October 28,Thursday,9:00 AM,meh,"","",""
2021-10-27,October 27,Wednesday,9:00 PM,meh,"","",""
2021-10-26,October 26,Tuesday,9:00 PM,meh,"","",""
2021-10-26,October 26,Tuesday,9:00 AM,bad,"","",""
2021-10-25,October 25,Monday,9:00 PM,meh,"","",""
2021-10-25,October 25,Monday,9:00 AM,meh,"","",""
2021-10-24,October 24,Sunday,9:00 PM,meh,"","",""
2021-10-24,October 24,Sunday,9:00 AM,meh,"","",""
2021-10-23,October 23,Saturday,9:05 PM,meh,"","",""
2021-10-23,October 23,Saturday,9:32 AM,good,"","",""
2021-10-22,October 22,Friday,9:00 PM,meh,"","",""
2021-10-22,October 22,Friday,9:00 AM,meh,"","",""
2021-10-21,October 21,Thursday,9:00 PM,meh,"","",""
2021-10-21,October 21,Thursday,9:00 AM,meh,"","",""
2021-10-20,October 20,Wednesday,9:00 PM,meh,"","",""
2021-10-20,October 20,Wednesday,9:00 AM,meh,"","",""
2021-10-19,October 19,Tuesday,9:00 PM,meh,"","",""
2021-10-18,October 18,Monday,9:00 PM,meh,"","",""
2021-10-18,October 18,Monday,9:00 AM,meh,"","",""
2021-10-17,October 17,Sunday,9:00 PM,meh,"","",""
2021-10-17,October 17,Sunday,9:00 AM,meh,"","",""
2021-10-16,October 16,Saturday,9:00 PM,meh,"","",""
2021-10-16,October 16,Saturday,10:25 AM,meh,"","",""
2021-10-15,October 15,Friday,9:00 PM,good,"","",""
2021-10-15,October 15,Friday,11:01 AM,good,"","",""
2021-10-14,October 14,Thursday,9:03 PM,good,"","",""
2021-10-14,October 14,Thursday,9:23 AM,meh,"","",""
2021-10-13,October 13,Wednesday,9:00 PM,meh,"","",""
2021-10-13,October 13,Wednesday,9:00 AM,bad,"","",""
2021-10-12,October 12,Tuesday,9:00 PM,meh,"","",""
2021-10-12,October 12,Tuesday,9:00 AM,meh,"","",""
2021-10-11,October 11,Monday,9:00 PM,meh,"","",""
2021-10-11,October 11,Monday,9:18 AM,good,"","",""
2021-10-10,October 10,Sunday,9:07 PM,good,"","",""
2021-10-10,October 10,Sunday,9:00 AM,good,"","",""
2021-10-09,October 9,Saturday,9:00 PM,meh,"","",""
2021-10-09,October 9,Saturday,9:00 AM,good,"","",""
2021-10-08,October 8,Friday,9:03 PM,good,"","",""
2021-10-08,October 8,Friday,9:15 AM,good,"","",""
2021-10-07,October 7,Thursday,9:00 PM,good,"","",""
2021-10-07,October 7,Thursday,9:00 AM,meh,"","",""
2021-10-06,October 6,Wednesday,9:00 PM,meh,"","",""
2021-10-06,October 6,Wednesday,9:00 AM,good,"","",""
2021-10-05,October 5,Tuesday,9:00 PM,good,"","",""
2021-10-05,October 5,Tuesday,9:00 AM,meh,"","",""
2021-10-04,October 4,Monday,9:00 PM,meh,"","",""
2021-10-04,October 4,Monday,9:00 AM,good,"","",""
2021-10-03,October 3,Sunday,9:00 PM,meh,"","",""
2021-10-03,October 3,Sunday,9:00 AM,meh,"","",""
2021-10-02,October 2,Saturday,9:00 PM,good,"","",""
2021-10-02,October 2,Saturday,9:00 AM,good,"","",""
2021-10-01,October 1,Friday,9:00 PM,meh,"","",""
2021-10-01,October 1,Friday,9:16 AM,good,"","",""
2021-09-30,September 30,Thursday,9:00 PM,meh,"","",""
2021-09-30,September 30,Thursday,9:00 AM,meh,"","",""
2021-09-29,September 29,Wednesday,9:01 PM,bad,"Code","",""
2021-09-29,September 29,Wednesday,9:00 AM,good,"","",""
2021-09-28,September 28,Tuesday,9:00 PM,good,"","",""
2021-09-28,September 28,Tuesday,9:00 AM,meh,"bad sleep","",""
2021-09-27,September 27,Monday,9:00 PM,meh,"","",""
2021-09-27,September 27,Monday,9:00 AM,meh,"","",""
2021-09-26,September 26,Sunday,9:00 PM,rad,"","",""
2021-09-25,September 25,Saturday,9:00 PM,good,"","",""
2021-09-25,September 25,Saturday,9:00 AM,good,"sleep early | good sleep","",""
2021-09-24,September 24,Friday,9:00 PM,meh,"","",""
2021-09-23,September 23,Thursday,9:00 PM,good,"good sleep","",""
2021-09-22,September 22,Wednesday,9:00 PM,good,"","",""
2021-09-22,September 22,Wednesday,9:00 AM,good,"","",""
2021-09-21,September 21,Tuesday,9:00 PM,good,"","",""
2021-09-21,September 21,Tuesday,9:21 AM,good,"","",""
2021-09-20,September 20,Monday,9:00 AM,good,"","",""
2021-09-19,September 19,Sunday,9:00 PM,good,"medium sleep","",""
2021-09-19,September 19,Sunday,9:08 AM,good,"medium sleep","",""
2021-09-18,September 18,Saturday,9:12 PM,good,"","",""
2021-09-17,September 17,Friday,9:00 PM,good,"","",""
2021-09-17,September 17,Friday,9:18 AM,good,"","",""
2021-09-16,September 16,Thursday,9:00 PM,good,"","",""
2021-09-16,September 16,Thursday,9:00 AM,good,"","",""
2021-09-15,September 15,Wednesday,9:00 PM,good,"","",""
2021-09-15,September 15,Wednesday,9:00 AM,good,"good sleep","",""
2021-09-14,September 14,Tuesday,9:00 PM,good,"","",""
2021-09-14,September 14,Tuesday,9:00 AM,good,"","",""
2021-09-13,September 13,Monday,9:00 PM,good,"","",""
2021-09-13,September 13,Monday,9:00 AM,good,"sleep early | good sleep","",""
2021-09-12,September 12,Sunday,10:14 AM,good,"medium sleep","",""
2021-09-11,September 11,Saturday,9:00 PM,good,"good sleep | drink water","",""
2021-09-11,September 11,Saturday,9:29 AM,good,"bad sleep","",""
2021-09-10,September 10,Friday,11:52 AM,meh,"sleep early | good sleep | walk","",""
2021-09-09,September 9,Thursday,9:06 AM,good,"","",""
2021-09-08,September 8,Wednesday,9:10 PM,good,"","",""
2021-09-08,September 8,Wednesday,11:03 AM,good,"medium sleep","",""
2021-09-07,September 7,Tuesday,9:00 PM,good,"","",""
2021-09-07,September 7,Tuesday,9:01 AM,good,"good sleep","",""
2021-09-06,September 6,Monday,9:00 PM,meh,"","",""
2021-09-06,September 6,Monday,9:32 AM,meh,"","",""
2021-09-05,September 5,Sunday,9:00 PM,meh,"","",""
2021-09-05,September 5,Sunday,9:30 AM,bad,"","",""
2021-09-05,September 5,Sunday,1:53 AM,good,"","",""
2021-09-04,September 4,Saturday,9:51 AM,meh,"","",""
2021-09-03,September 3,Friday,9:00 PM,good,"medium sleep","",""
2021-09-03,September 3,Friday,9:03 AM,good,"good sleep","",""
2021-09-02,September 2,Thursday,9:00 PM,meh,"","",""
2021-09-02,September 2,Thursday,9:54 AM,good,"","",""
2021-09-01,September 1,Wednesday,9:02 PM,awful,"","",""
2021-09-01,September 1,Wednesday,9:00 AM,good,"good sleep","",""
2021-08-31,August 31,Tuesday,9:21 PM,good,"medium sleep","",""
2021-08-31,August 31,Tuesday,9:00 AM,good,"medium sleep","",""
2021-08-30,August 30,Monday,9:22 PM,good,"bad sleep","",""
2021-08-30,August 30,Monday,9:24 AM,meh,"good sleep","",""
2021-08-29,August 29,Sunday,9:00 PM,bad,"bad sleep","",""
2021-08-28,August 28,Saturday,9:03 PM,good,"medium sleep | drink water","",""
2021-08-28,August 28,Saturday,9:27 AM,good,"medium sleep | drink water","",""
2021-08-27,August 27,Friday,9:01 PM,good,"","",""
2021-08-27,August 27,Friday,9:06 AM,good,"bad sleep","",""
2021-08-26,August 26,Thursday,9:00 PM,good,"","",""
2021-08-26,August 26,Thursday,9:00 AM,meh,"medium sleep","",""
2021-08-25,August 25,Wednesday,9:02 PM,good,"medium sleep | exercise | eat healthy | drink water","",""
2021-08-25,August 25,Wednesday,9:00 AM,bad,"medium sleep | exercise","",""
2021-08-24,August 24,Tuesday,9:00 AM,good,"","",""
2021-08-23,August 23,Monday,9:17 PM,bad,"Code","",""
2021-08-23,August 23,Monday,10:30 AM,good,"good sleep","",""
2021-08-22,August 22,Sunday,9:00 PM,meh,"bad sleep | Code","",""
2021-08-22,August 22,Sunday,9:00 AM,meh,"bad sleep","",""
2021-08-21,August 21,Saturday,9:27 PM,good,"","",""
2021-08-21,August 21,Saturday,9:00 AM,good,"medium sleep | Code","",""
2021-08-20,August 20,Friday,8:00 PM,good,"","",""
2021-08-19,August 19,Thursday,9:00 PM,good,"","",""
2021-08-19,August 19,Thursday,9:02 AM,meh,"medium sleep | Code","",""
2021-08-18,August 18,Wednesday,9:00 AM,good,"sleep early | exercise | drink water | Code","",""
2021-08-17,August 17,Tuesday,9:00 PM,meh,"","",""
2021-08-17,August 17,Tuesday,3:57 PM,meh,"","",""
2021-08-17,August 17,Tuesday,9:54 AM,meh,"bad sleep | eat healthy | Code","",""
2021-08-16,August 16,Monday,9:00 PM,good,"good sleep | drink water | Code","",""
2021-08-16,August 16,Monday,9:00 AM,meh,"good sleep | Code","",""
2021-08-15,August 15,Sunday,9:00 PM,good,"good sleep | exercise | walk | Code","",""
2021-08-15,August 15,Sunday,9:00 AM,meh,"good sleep | eat healthy | drink water | Code","",""
2021-08-14,August 14,Saturday,9:00 PM,good,"medium sleep | Code","",""
2021-08-14,August 14,Saturday,9:00 AM,meh,"good sleep | eat healthy | Code","",""
2021-08-13,August 13,Friday,9:13 PM,meh,"","",""
2021-08-13,August 13,Friday,2:04 PM,good,"good sleep | walk","",""
2021-08-12,August 12,Thursday,8:55 PM,meh,"eat healthy","",""
2021-08-12,August 12,Thursday,5:32 PM,meh,"eat healthy","",""
2021-08-12,August 12,Thursday,9:00 AM,good,"drink water | Code","",""
2021-08-12,August 12,Thursday,8:06 AM,good,"medium sleep | drink water","",""
2021-08-11,August 11,Wednesday,8:59 AM,good,"bad sleep","","Coding with a stomach ache, but surprisingly well"
2021-08-10,August 10,Tuesday,9:00 PM,good,"exercise | eat healthy | drink water | walk","",""
2021-08-10,August 10,Tuesday,2:58 PM,good,"good sleep | exercise | eat healthy | drink water | kindness","",""